jid,species,homo_raw,lumo_raw,hl_gap_hartree_eV,hl_gap_ev_eV,sk_bandgap_eV,excluded
cc-0,NH3NH3,-0.247560,0.076880,8.828462,0.324440,15.829794,
cc-4,CH3OHH2O,-0.240240,0.037720,7.563677,0.277960,15.766266,
cc-8,H2OCH3OCH3,-0.266580,0.073900,9.264933,0.340480,15.061323,
cc-12,H2CO,-0.268490,-0.042110,6.160114,0.226380,4.859433,
cc-16,H2NCH2COOH,-0.249330,0.006270,6.955230,0.255600,5.807926,
cc-20,NH2CONH2,-0.250130,0.051400,8.205049,0.301530,6.923227,
cc-24,C3H4O2,-0.279680,0.006100,7.776470,0.285780,6.386227,
cc-28,NH2CSNH2,-0.205310,-0.006910,5.398739,0.198400,5.576478,
cc-32,CH3OH,-0.264550,0.075240,9.246157,0.339790,15.674402,
cc-36,CHCl3,-0.315920,-0.049830,7.240678,0.266090,10.111527,
cc-40,C3H7NO,-0.242190,0.032210,7.466804,0.274400,5.672363,
cc-44,C4H10O,-0.261100,0.078000,9.227381,0.339100,15.078966,
cc-48,CH3COO-,0.009620,0.284320,7.474968,0.274700,6.525842,
cc-52,CH3Br,-0.272190,0.003010,7.488573,0.275200,9.133884,
cc-56,C2H2,-0.281930,0.052430,9.098399,0.334360,9.538241,
cc-60,CH3SH,-0.236380,0.027760,7.187616,0.264140,10.813309,
cc-64,C3H8,-0.324490,0.096070,11.444021,0.420560,16.496145,
cc-68,CH2CHF,-0.260330,0.021940,7.680958,0.282270,7.106467,
cc-72,CH3CH2SH,-0.234920,0.028160,7.158771,0.263080,10.491813,
cc-76,CHONH2,-0.254750,0.029740,7.741367,0.284490,6.662689,
cc-80,CH2NOH,-0.264160,-0.002580,7.117954,0.261580,5.032707,
cc-84,Al(CH3)3,-0.259500,-0.017410,6.587604,0.242090,5.506126,
cc-88,CH3CH(CH3)CH3,-0.317630,0.086000,10.983332,0.403630,15.948725,
cc-92,CH3CHCl2,-0.304290,-0.012100,7.950895,0.292190,10.177598,
cc-96,CH2CF2,-0.262150,0.027630,7.885316,0.289780,7.630780,
cc-100,CHF3,-0.389250,0.116830,13.771138,0.506080,23.424242,
cc-104,CBr2F2,-0.296560,-0.068010,6.219162,0.228550,10.984712,
cc-108,C4H10O,-0.259290,0.066020,8.852136,0.325310,14.062349,
cc-112,CF2Cl2,-0.332100,-0.041710,7.901914,0.290390,12.875922,
cc-116,SiCl3CH3,-0.326170,-0.012960,8.522878,0.313210,12.557064,
cc-120,CF3CHO,-0.298380,-0.075060,6.076847,0.223320,4.392450,
cc-124,CF3CF2Cl,-0.350200,-0.013790,9.154182,0.336410,12.072565,
cc-128,C5H6,-0.235090,-0.017360,5.924735,0.217730,5.307025,
cc-132,CHOCH(CH3)CH3,-0.248030,-0.020950,6.179162,0.227080,4.955163,
cc-136,CH3COCH2CH3,-0.243450,-0.009760,6.359029,0.233690,5.142672,
cc-140,CHClCCl2,-0.261250,-0.029440,6.307871,0.231810,6.351460,
cc-144,CH3CH2COOH,-0.274820,0.011600,7.793885,0.286420,6.650516,
cc-148,CH5N3S,-0.198080,0.014250,5.777794,0.212330,5.748833,
cc-152,ClCOClCO,-0.315480,-0.133670,4.947302,0.181810,3.958045,
cc-156,C10H8,-0.212690,-0.035230,4.828933,0.177460,4.043107,
cc-160,C5H10O,-0.249620,-0.020020,6.247734,0.229600,4.969082,
cc-164,C4H6O2,-0.272770,-0.044050,6.223788,0.228720,5.127232,
cc-168,C2H4CO3,-0.305350,0.022960,8.933770,0.328310,6.981719,
cc-172,CH3COC6H5,-0.247010,-0.054190,5.246899,0.192820,4.138352,
cc-176,C6H5OCH3,-0.215160,0.004040,5.964736,0.219200,5.127265,
cc-180,C6H4O2,-0.270590,-0.129990,3.825921,0.140600,2.062196,
cc-184,CH3CH2CH2CH3,-0.317460,0.094880,11.220343,0.412340,15.905045,
cc-188,CH2CHCHCH2,-0.229030,-0.022480,5.620512,0.206550,4.752590,
cc-192,CH2ClCH2Cl,-0.306780,-0.006120,8.181375,0.300660,8.971090,
cc-196,C2H8N2,-0.215530,0.079010,8.014842,0.294540,12.852911,
cc-200,CH2ClCHO,-0.277620,-0.051550,6.151678,0.226070,5.027400,
cc-204,CH3OCHO,-0.283610,0.005480,7.866540,0.289090,6.663388,
cc-208,CH3NHCH2COOH,-0.252710,0.018020,7.366939,0.270730,5.646907,
cc-212,C6H5Br,-0.241890,-0.012580,6.239843,0.229310,5.504186,
cc-216,C6H10O,-0.234390,-0.011970,6.052357,0.222420,4.917091,
cc-220,CH2CHCH2CH2CH3,-0.248960,0.026560,7.497281,0.275520,6.570864,
cc-224,CH3CH2CH2CN,-0.318640,0.035480,9.636096,0.354120,7.274295,
cc-228,C3H8O2,-0.266510,0.096390,9.875012,0.362900,15.328832,
cc-232,CH2CHOCHCH2,-0.215350,0.019610,6.393587,0.234960,5.746564,
cc-236,C4H4O,-0.224440,0.019660,6.642299,0.244100,5.658483,
cc-240,C4H8Cl2,-0.294490,0.013010,8.367501,0.307500,9.877635,
cc-244,C5H12S,-0.232380,0.029250,7.119315,0.261630,10.310736,
cc-248,C6H10,-0.233460,0.034200,7.283400,0.267660,6.135621,
cc-252,C5H11N,-0.214450,0.083910,8.118789,0.298360,13.272652,
cc-256,C8H18,-0.295670,0.091390,10.532439,0.387060,14.944001,
cc-260,CH3OCH3,-0.251810,0.092400,9.366431,0.344210,15.373041,
cc-264,C5H4N4,-0.252600,-0.047310,5.586225,0.205290,4.018634,
cc-268,CH3CH2CHO,-0.253490,-0.019140,6.376988,0.234350,5.050593,
cc-272,C5H8O2,-0.251020,-0.045030,5.605273,0.205990,4.682746,
cc-276,C10H22,-0.290140,0.090520,10.358286,0.380660,14.770222,
cc-280,CHClBr2,-0.287340,-0.067980,5.969090,0.219360,9.211741,
cc-284,HOCH2CH2NH2,-0.243910,0.068980,8.514171,0.312890,13.928619,
cc-288,C4H8O2,-0.266630,0.016520,7.704904,0.283150,6.639529,
cc-292,C7H16,-0.299500,0.091990,10.652986,0.391490,15.076814,
cc-296,C2H2O4,-0.297640,-0.085690,5.767453,0.211950,3.878628,
cc-300,C2H5N,-0.243840,0.080230,8.818394,0.324070,9.412460,
cc-304,CHNHCH,-0.204760,0.003320,5.662145,0.208080,5.927392,
cc-308,C5H8,-0.265290,0.104600,10.065220,0.369890,11.227226,
cc-312,C12H10,-0.170300,-0.068000,2.783725,0.102300,1.954738,
cc-316,C8H8,-0.256830,0.079250,9.145203,0.336080,12.083515,
cc-320,C6H12N2,-0.181680,0.069490,6.834684,0.251170,10.739656,
cc-324,C4H8,-0.298660,0.096740,10.759382,0.395400,14.843719,
cc-328,C3H4N2,-0.225080,0.033290,7.030606,0.258370,5.759484,
cc-332,C4H4N2,-0.251060,-0.052200,5.411256,0.198860,2.927578,
cc-336,C7H14,-0.297070,0.080040,10.261686,0.377110,14.875298,
cc-340,CHOCOOH,-0.284760,-0.108960,4.783762,0.175800,3.173962,
cc-344,C2H5SC2H5,-0.213190,0.038430,6.846929,0.251620,9.970127,
cc-348,CFBr3,-0.287710,-0.089000,5.407175,0.198710,10.083178,
cc-352,CF3COF,-0.345030,-0.065810,7.597963,0.279220,5.808562,
cc-356,CH2BrF,-0.284060,-0.008690,7.493199,0.275370,9.635951,
cc-360,C6F6,-0.269480,-0.029800,6.522025,0.239680,5.804404,
cc-364,HOCN,-0.308270,0.004870,8.520973,0.313140,8.089789,
cc-368,C4H6O2,-0.243480,-0.085950,4.286610,0.157530,2.720844,
cc-372,C2N2,-0.369210,-0.093820,7.493744,0.275390,5.957039,
cc-376,HSCN,-0.288850,-0.035110,6.904617,0.253740,6.290009,
cc-380,NH2COOH,-0.272040,0.052990,8.844517,0.325030,7.457002,
cc-384,CaCO3,-0.172520,-0.129370,1.174171,0.043150,5.870849,
cc-388,C2H3NO3,,,,,4.151986,null_homo_lumo
cc-392,C3H6O,-0.241670,0.088130,8.974315,0.329800,13.206041,
cc-396,C3O2,-0.290320,-0.067160,6.072493,0.223160,5.586421,
cc-400,BrCN,-0.322020,-0.038880,7.704632,0.283140,7.414985,
cc-404,HCNO,-0.270850,0.021080,7.943820,0.291930,7.523443,
cc-408,CH3CH(SH)CH2CH3,-0.232860,0.028860,7.121764,0.261720,10.052252,
cc-412,C6H5CCH,-0.231030,-0.028510,5.510850,0.202520,5.023496,
cc-416,NH2CH2CN,-0.271860,0.017330,7.869261,0.289190,6.346368,
cc-420,C5H12S,-0.232100,0.027440,7.062443,0.259540,10.246483,
cc-424,C6H4Cl2,-0.254370,-0.026640,6.196849,0.227730,5.618183,
cc-428,C3H7ONO,-0.270490,-0.074840,5.323908,0.195650,2.293502,
cc-432,Zn(CH3)2,-0.245490,0.004910,6.813731,0.250400,6.464974,
cc-436,CBr4,-0.286550,-0.101500,5.035467,0.185050,9.315583,
cc-440,C6H12,-0.238990,0.031010,7.347074,0.270000,6.431108,
cc-444,C7H16,-0.297800,0.086620,10.460601,0.384420,15.039672,
cc-448,C5H8,-0.249480,0.006490,6.965299,0.255970,6.278700,
cc-452,CH2ClCHCHCH3,-0.258440,-0.010830,6.737811,0.247610,5.967227,
cc-456,CH3PH2,-0.251280,0.033920,7.760687,0.285200,12.341877,
cc-460,CH2FCl,-0.309610,0.015760,8.853769,0.325370,11.465878,
cc-464,As(CH3)3,-0.223260,0.057740,7.646400,0.281000,9.662119,
cc-468,C4H8,-0.271940,0.102240,10.181957,0.374180,11.304403,
cc-472,(CH3)3CC(CH3)3,-0.293700,0.072590,9.967259,0.366290,14.149112,
cc-476,CH3NO3,-0.316380,-0.065930,6.815092,0.250450,5.500455,
cc-480,C6H12,-0.225570,0.036390,7.128295,0.261960,5.989940,
cc-484,C4H7NO,-0.237210,0.036380,7.444763,0.273590,5.947929,
cc-488,CH3SCH2CH3,-0.215060,0.040670,6.958768,0.255730,10.149367,
cc-492,NH2CONHC2H5,-0.238760,0.058520,8.089401,0.297280,6.512517,
cc-496,C5H8,-0.257350,0.058870,8.604785,0.316220,8.388067,
cc-500,C5H12O,-0.249240,0.092250,9.292416,0.341490,14.779022,
cc-504,C6H8,-0.226160,0.025470,6.847201,0.251630,5.761054,
cc-508,C5H10,-0.234160,0.038480,7.418912,0.272640,6.175893,
cc-512,C6N4,-0.335180,-0.182270,4.160893,0.152910,3.331597,
cc-516,CH3PHCH3,-0.233190,0.049520,7.692931,0.282710,11.873419,
cc-520,C2H3CCH,-0.241190,-0.025800,5.861060,0.215390,5.440864,
cc-524,C6H10,-0.256590,0.059360,8.597437,0.315950,8.358712,
cc-528,C4H6N2,-0.214400,0.035280,6.794139,0.249680,5.584721,
cc-532,C6H10,-0.239200,0.064470,8.263282,0.303670,8.051593,
cc-536,C4H12N2,-0.212940,0.064930,7.561228,0.277870,12.314982,
cc-540,C4H6,-0.243480,0.027330,7.369116,0.270810,6.217891,
cc-544,CH3NO,-0.226570,-0.083970,3.880344,0.142600,1.454855,
cc-548,C6H12,-0.225200,0.035850,7.103532,0.261050,5.992368,
cc-552,C5H6O,-0.218540,0.024870,6.623524,0.243410,5.555448,
cc-556,CH3SiH3,-0.324350,0.040690,9.933244,0.365040,13.808308,
cc-560,HCCCN,-0.308780,-0.054720,6.913325,0.254060,6.167907,
cc-564,C4H6OS,-0.230430,-0.019180,5.748405,0.211250,5.692116,
cc-568,C4H4,-0.118340,-0.118380,-0.001088,-0.000040,2.965471,
cc-572,C4H7NO,-0.240500,0.030970,7.387075,0.271470,5.792794,
cc-576,C4H6O,-0.242360,-0.021300,6.015349,0.221060,4.877044,
cc-580,CaO,-0.171910,-0.104580,1.832143,0.067330,6.156760,
cc-584,GeO2,-0.323150,-0.120260,5.520918,0.202890,7.080540,
cc-588,Na2O,-0.121720,-0.047040,2.032146,0.074680,6.809966,
cc-592,H2,-0.433960,0.100090,14.532241,0.534050,19.252857,
cc-596,C6H3F3,-0.256450,-0.015000,6.570189,0.241450,5.488977,
cc-600,CH3C(SCH3)HCH3,-0.214690,0.044480,7.052375,0.259170,9.928050,
cc-604,OCSe,-0.281940,-0.038150,6.633864,0.243790,6.461329,
cc-608,C2H2F2,-0.254080,0.023720,7.559323,0.277800,6.795516,
cc-612,C5H12S,-0.230690,0.028180,7.044212,0.258870,10.145470,
cc-616,CH3OCH2CN,-0.290170,0.006650,8.076884,0.296820,6.491343,
cc-620,C5H10S,-0.210710,0.035640,6.703525,0.246350,9.109006,
cc-624,C3H5+,-0.573660,-0.382020,5.214790,0.191640,5.188421,
cc-628,C2H5-,0.128040,0.318010,5.169347,0.189970,13.777960,
cc-632,CN-,0.018570,0.354350,9.137039,0.335780,3.400070,
cc-636,HCCl,-0.246230,-0.121320,3.398974,0.124910,1.973454,
cc-640,CH3OO-,0.101850,0.306030,5.556021,0.204180,5.666596,
cc-644,CH3O-,0.081000,0.326710,6.686110,0.245710,15.547323,
cc-648,CH3-,0.137130,0.372530,6.405560,0.235400,14.992729,
cc-652,CHFCHClz,-0.256980,0.004280,7.109247,0.261260,6.716611,
cc-656,C2H2ClF,-0.264740,0.004120,7.316053,0.268860,7.137800,
cc-660,C6H5-,0.059850,0.210260,4.092865,0.150410,4.220403,
cc-664,LiCN,-0.254320,-0.058170,5.337513,0.196150,4.442868,
cc-668,C4H9N,-0.227500,0.082660,8.439884,0.310160,13.427879,
cc-672,CH2OH+,-0.672490,-0.377200,8.035250,0.295290,10.193862,
cc-676,HCCN,-0.268550,-0.177970,2.464807,0.090580,0.174832,
cc-680,C2H3+,-0.606890,-0.414710,5.229484,0.192180,4.281409,
cc-684,C3H4,-0.238800,0.018770,7.008837,0.257570,6.452870,
cc-688,C4H8O,-0.255400,0.078780,9.093501,0.334180,13.917545,
cc-692,CS,-0.310120,-0.082750,6.187053,0.227370,5.106566,
cc-696,HNCS,-0.263330,-0.043360,5.985689,0.219970,5.525080,
cc-700,HO2-,0.135970,0.326380,5.181320,0.190410,5.418268,
cc-704,OH-,0.160790,0.413400,6.873868,0.252610,17.697281,
cc-708,CF-,0.197840,0.251990,1.473497,0.054150,4.086110,
cc-712,C4H8Cl2,-0.294640,-0.009640,7.755245,0.285000,8.286077,
cc-716,SiH2Cl2,-0.325970,-0.013610,8.499749,0.312360,12.778321,
cc-720,CH3NNCH3,-0.215870,-0.037270,4.859954,0.178600,2.706840,
cc-724,NH2CCNH2,-0.198360,0.074850,7.434423,0.273210,7.780659,
cc-728,C4H12N2,-0.217600,0.071460,7.865723,0.289060,13.361473,
cc-732,C6H12,-0.286470,0.088980,10.216515,0.375450,14.446350,
cc-736,C5H6,-0.215520,0.007040,6.056166,0.222560,4.780504,
cc-740,C5H10S,-0.216550,0.023170,6.523114,0.239720,5.258824,
cc-744,C3H4O,-0.223680,-0.030940,5.244723,0.192740,4.512715,
cc-748,C5H12S,-0.213510,0.047810,7.110879,0.261320,9.488067,
cc-752,C5H6,-0.241130,0.038340,7.604766,0.279470,7.693276,
cc-756,HNC,-0.312370,0.026460,9.220034,0.338830,7.076865,
cc-767,AlCl3,-0.333260,-0.065620,7.282855,0.267640,7.232595,
cc-771,TiCl4,-0.345940,-0.154080,5.220777,0.191860,5.392454,
cc-775,CHClCHCH2CH3,-0.246160,0.011790,7.019177,0.257950,6.338768,
cc-779,BF3,-0.414080,0.035940,12.245668,0.450020,10.993475,
cc-783,ZnCl2,-0.321480,-0.069560,6.855092,0.251920,7.402114,
cc-787,PF5,-0.414510,0.000280,11.287011,0.414790,19.836878,
cc-791,NaF,-0.214390,-0.065420,4.053680,0.148970,8.937430,
cc-795,MgH2,-0.259220,-0.030170,6.232768,0.229050,7.195963,
cc-799,PCl3,-0.302490,-0.074930,6.192223,0.227560,0.815949,
cc-803,Br2,-0.282830,-0.140440,3.874629,0.142390,3.481429,
cc-807,CuCl,-0.226520,-0.109230,3.191623,0.117290,1.454489,
cc-811,Cl2,-0.313670,-0.142340,4.662127,0.171330,5.830257,
cc-815,NH2NO2,-0.301030,-0.058590,6.597128,0.242440,5.024279,
cc-819,H2Se,-0.242590,0.002210,6.661347,0.244800,8.171626,
cc-823,F2SO,-0.336580,-0.053160,7.712251,0.283420,11.108196,
cc-827,GaF3,-0.404220,-0.097980,8.333215,0.306240,9.956347,
cc-831,SF4,-0.342720,-0.079560,7.160948,0.263160,12.526701,
cc-835,AlF3,-0.396670,-0.060120,9.157992,0.336550,10.372731,
cc-839,AsF5,-0.418210,-0.093050,8.848054,0.325160,19.937294,
cc-843,BeF2,-0.397640,-0.001580,10.777342,0.396060,11.791346,
cc-847,HSO3F,-0.351500,-0.014990,9.156904,0.336510,13.748734,
cc-851,FNO3,-0.353560,-0.099260,6.919856,0.254300,5.795758,
cc-855,CaF2,-0.272500,-0.067730,5.572076,0.204770,10.391596,
cc-859,ClF3,-0.334550,-0.150570,5.006351,0.183980,7.680648,
cc-863,HClO3,-0.320340,-0.092890,6.189230,0.227450,6.237355,
cc-867,NH2OH,-0.254410,0.081430,9.138672,0.335840,9.381905,
cc-871,C5H5NO,-0.238580,-0.078050,4.368244,0.160530,2.470380,
cc-875,C5H5NO,-0.250680,-0.085420,4.496954,0.165260,3.633838,
cc-879,C4H6OS,-0.214080,0.023560,6.466514,0.237640,5.757189,
cc-883,C3H4N2,-0.272780,-0.053040,5.979430,0.219740,4.477818,
cc-887,C2O4--,0.211850,0.470630,7.041763,0.258780,2.417015,
cc-891,HNS,-0.225310,-0.137570,2.387527,0.087740,0.741809,
cc-895,HBHHBH,-0.255200,0.026120,7.655107,0.281320,5.975646,
cc-899,C2H7+,-0.658950,-0.301870,9.716642,0.357080,8.923514,
cc-903,H2CONH2+,-0.574620,-0.266480,8.384917,0.308140,7.957853,
cc-907,NCNH3+,-0.587110,-0.239500,9.458950,0.347610,8.390650,
cc-911,C3H7NH3+,-0.503240,-0.171200,9.035269,0.332040,1.677605,
cc-915,C2H6N+,-0.592070,-0.171850,11.434769,0.420220,5.295800,
cc-919,S2Cl2,-0.289850,-0.122560,4.552193,0.167290,5.127308,
cc-923,SiCl4,-0.343160,-0.050880,7.953344,0.292280,14.472799,
cc-927,GeCl4,-0.342610,-0.108220,6.378077,0.234390,7.356262,
cc-931,OClO-,0.051880,0.236030,5.010977,0.184150,5.744546,
cc-935,N2O5,-0.348350,-0.117510,6.281476,0.230840,5.674958,
cc-939,NO2-,0.056230,0.242420,5.066488,0.186190,1.939229,
cc-943,BHCl2,-0.329120,-0.067270,7.125301,0.261850,5.061258,
cc-947,SF5+,-0.708660,-0.374560,9.091324,0.334100,6.217205,
cc-951,Al2H6,-0.309790,-0.045930,7.179996,0.263860,7.096376,
cc-955,GeS,-0.281730,-0.093960,5.109482,0.187770,4.254889,
cc-959,NO3-,0.000460,0.216990,5.892081,0.216530,5.916911,
cc-963,NS+,-0.716830,-0.448280,7.307618,0.268550,4.669418,
cc-967,FO-,0.104160,0.325280,6.016982,0.221120,5.603313,
cc-971,C3,-0.326440,-0.157900,4.586207,0.168540,2.004479,
cc-975,Li2S,-0.156920,-0.042040,3.126044,0.114880,4.754887,
cc-979,LiO-,0.042580,0.099800,1.557036,0.057220,7.051739,
cc-983,PO2-,0.000530,0.193240,5.243906,0.192710,3.460324,
cc-987,P2,-0.287430,-0.100620,5.083359,0.186810,2.473537,
cc-991,Cu2,-0.157220,-0.076130,2.206571,0.081090,0.574315,
cc-995,BS-,0.032850,0.218410,5.049345,0.185560,0.588645,
cc-1003,PS+,-0.609140,-0.395890,5.802828,0.213250,2.641481,
cc-1007,CP-,0.008270,0.212850,5.566905,0.204580,4.552086,
cc-1011,NaO-,0.027160,0.079670,1.428870,0.052510,6.864830,
cc-1015,BO+,-0.722980,-0.605360,3.200603,0.117620,4.439846,
cc-1019,Ge2,-0.191910,-0.162510,0.800015,0.029400,0.527065,
cc-1023,Si2,-0.215200,-0.187910,0.742599,0.027290,0.475188,
cc-1027,BH3,-0.351420,-0.065480,7.780824,0.285940,4.387147,
cc-1031,GaCl3,-0.335340,-0.092250,6.614816,0.243090,6.725686,
cc-1035,TiO2,-0.238900,-0.110460,3.495030,0.128440,4.980526,
cc-1039,F3PO,-0.361160,0.000590,9.843719,0.361750,18.418175,
cc-1043,HOBr,-0.269950,-0.093380,4.804714,0.176570,5.007098,
cc-1047,ND3,-0.252310,0.078610,9.004792,0.330920,0.430462,
cc-1051,GeH+,-0.548420,-0.389750,4.317631,0.158670,3.000081,
cc-1055,BeF+,-0.691670,-0.431480,7.080131,0.260190,7.741031,
cc-1059,ClF5,-0.372790,-0.163010,5.708405,0.209780,8.858267,
cc-1063,B2Cl4,-0.305400,-0.079650,6.142970,0.225750,4.934088,
cc-1067,BHF2,-0.377000,0.000790,10.280190,0.377790,7.029605,
cc-1071,PH2+,-0.614470,-0.476330,3.758981,0.138140,11.962300,
cc-1075,BH,-0.223760,-0.075020,4.047422,0.148740,2.620601,
cc-1079,SeO3,-0.345090,-0.140530,5.566361,0.204560,5.677302,
cc-1087,N2F2,-0.354760,-0.093320,7.114145,0.261440,2.590460,
cc-1091,BeCl-,0.061680,0.200010,3.764151,0.138330,4.008820,
cc-1095,SO,-0.220460,-0.175060,1.235397,0.045400,4.367554,
cc-1099,Al2Cl6,-0.337700,-0.056240,7.658917,0.281460,10.036541,
cc-1103,BrCl,-0.296220,-0.142840,4.173682,0.153380,4.238788,
cc-1111,GeF2,-0.310200,-0.096470,5.815890,0.213730,3.480557,
cc-1115,SiCl+,-0.591140,-0.365660,6.135623,0.225480,3.065906,
cc-1119,AlH,-0.206090,-0.070770,3.682245,0.135320,3.422150,
cc-1123,ZnH2,-0.283860,-0.030060,6.906250,0.253800,5.995170,
cc-1127,HNO,-0.243620,-0.105610,3.755443,0.138010,1.511477,
cc-1131,Li2,-0.132110,-0.050610,2.217728,0.081500,1.527905,
cc-1135,BH2-,0.128440,0.230190,2.768759,0.101750,1.199396,
cc-1139,AlO-,0.003310,0.175050,4.673283,0.171740,3.205223,
cc-1143,HBS,-0.308600,-0.049960,7.037953,0.258640,5.198990,
cc-1147,C6H10,-0.216150,-0.014500,5.487176,0.201650,4.461623,
cc-1151,NH4+,-0.826540,-0.210840,16.754051,0.615700,17.625683,
cc-1155,BF4-,-0.115120,0.458420,15.606818,0.573540,26.024242,
cc-1159,MgCl-,0.013330,0.135720,3.330402,0.122390,2.612590,
cc-1163,SCl-,0.012630,0.147380,3.666734,0.134750,4.676075,
cc-1167,AsF,-0.184940,-0.157550,0.745320,0.027390,10.417041,
cc-1171,BrO-,0.059710,0.226510,4.538859,0.166800,4.944514,
cc-1175,SCN-,-0.015070,0.272370,7.821641,0.287440,6.681415,
cc-1179,C3H5Cl,-0.248580,0.010210,7.042035,0.258790,6.363187,
cc-1183,C6H4,-0.229380,-0.053670,4.781313,0.175710,4.378735,
cc-1187,C2H4N4,-0.292310,-0.026890,7.222446,0.265420,4.253619,
cc-1191,C5H5N,-0.261840,0.009470,7.382721,0.271310,5.351074,
cc-1195,GaCl,-0.270310,-0.072730,5.376426,0.197580,4.890613,
cc-1199,H2CCNH,-0.234930,-0.001860,6.342158,0.233070,5.138267,
cc-1203,H3S+,-0.655970,-0.265110,10.635842,0.390860,16.724522,
cc-1207,FSN,-0.310870,-0.124240,5.078461,0.186630,2.707513,
cc-1211,SiCl3+,-0.559990,-0.324190,6.416445,0.235800,7.666348,
cc-1215,HOCH,-0.212700,-0.045680,4.544846,0.167020,2.182286,
cc-1219,CaS,-0.172870,-0.119610,1.449278,0.053260,3.900330,
cc-1223,CH3CHNH,-0.259810,0.005100,7.208568,0.264910,5.223809,
cc-1227,SSO,-0.285130,-0.157200,3.481153,0.127930,1.574000,
cc-1231,NCO-,0.013670,0.369620,9.685893,0.355950,8.468461,
cc-1235,As2,-0.262280,-0.098520,4.456137,0.163760,2.144695,
cc-1239,GeH2,-0.246040,-0.120100,3.427002,0.125940,2.477026,
cc-1243,GaN,-0.241710,-0.185100,1.540437,0.056610,1.912766,
cc-1247,F3-,-0.042730,0.137380,4.901043,0.180110,3.418357,
cc-1251,C5H7N,-0.271600,-0.044840,6.170454,0.226760,4.982677,
cc-1255,HOONO2,-0.325590,-0.082240,6.621891,0.243350,5.344651,
cc-1259,Mg2,-0.177770,-0.049180,3.499112,0.128590,2.834965,
cc-1264,HCCOH,-0.242670,0.038010,7.637692,0.280680,8.654052,
cc-1268,CHFClCHFCl,-0.322490,-0.008370,8.547641,0.314120,11.245924,
cc-1272,HCS-,0.070950,0.178700,2.932027,0.107750,1.560574,
cc-1276,C3H3N2-,0.013570,0.291830,7.571840,0.278260,5.423197,
cc-1280,C2H6N2O2,-0.203480,-0.045900,4.287970,0.157580,3.397747,
cc-1284,BrONO2,-0.305610,-0.127780,4.839001,0.177830,4.967842,
cc-1288,ScH3,-0.269760,-0.101600,4.575867,0.168160,4.235366,
cc-1292,HCNH+,-0.706380,-0.305360,10.912310,0.401020,9.303535,
cc-1296,CH3PH3+,-0.620450,-0.197610,11.506063,0.422840,2.143708,
cc-1300,ONNO,-0.211360,-0.125490,2.336642,0.085870,0.509073,
cc-1305,C2H4O2,-0.251630,0.050740,8.227907,0.302370,12.280262,
cc-1309,C5H5NO,-0.216380,-0.038720,4.834375,0.177660,4.655945,
cc-1313,BeMg,-0.178190,-0.059380,3.232985,0.118810,1.821525,
cc-1317,BrONO,-0.292040,-0.110350,4.944037,0.181690,2.430012,
cc-1321,PF3CH2,-0.235750,0.018440,6.916862,0.254190,13.612931,
cc-1325,SiH3CCl3,-0.306490,-0.054240,6.864072,0.252250,9.294714,
cc-1329,NH2COOH2+,-0.548440,-0.222570,8.867374,0.325870,7.606064,
cc-1333,CH3CH2NH3+,-0.552580,-0.174830,10.279101,0.377750,1.801986,
cc-1337,H2NCOHNH2+,-0.502720,-0.193850,8.404781,0.308870,5.209367,
cc-1,NH3NH3,-0.247560,0.076880,8.828462,0.324440,15.829794,
cc-5,HCOOHH2O,-0.290320,0.001150,7.931303,0.291470,6.653658,
cc-9,HCONH2CN2H4,-0.228000,0.035530,7.171017,0.263530,6.020007,
cc-13,NH2COOC2H5,-0.262290,0.050630,8.514987,0.312920,7.296865,
cc-17,CH3CH(NH2)COOH,-0.251840,0.014640,7.251290,0.266480,5.970417,
cc-21,NH2CONH2,-0.250130,0.051400,8.205049,0.301530,6.923227,
cc-25,C4H10O,-0.248100,0.094170,9.313641,0.342270,14.535913,
cc-29,CH3CH2OH,-0.261560,0.076610,9.202074,0.338170,15.131990,
cc-33,CH3CHOHCH3,-0.260710,0.072030,9.054317,0.332740,14.542745,
cc-37,C2H6O2S,-0.289450,0.059330,9.490787,0.348780,13.079172,
cc-41,C4H10OS,-0.216820,0.042820,7.065164,0.259640,10.472595,
cc-45,C5H12O,-0.260950,0.077980,9.222755,0.338930,15.112346,
cc-49,HCO3-,-0.002880,0.293370,8.061373,0.296250,8.385923,
cc-53,C2H6,-0.340080,0.104770,12.104985,0.444850,17.659836,
cc-57,CH3Cl,-0.296450,0.025820,8.769413,0.322270,11.059225,
cc-61,CH2Br2,-0.281670,-0.039370,6.593319,0.242300,9.240127,
cc-65,CH3CCH,-0.259490,0.061960,8.747100,0.321450,8.708006,
cc-69,CH3CH2NH2,-0.229440,0.081330,8.456483,0.310770,14.114214,
cc-73,CH3CH2SH,-0.234920,0.028160,7.158771,0.263080,10.491813,
cc-77,CHONH2,-0.254750,0.029740,7.741367,0.284490,6.662689,
cc-81,CH3SCH3,-0.217010,0.043950,7.101083,0.260960,10.441702,
cc-85,CHBr3,-0.281030,-0.073480,5.647723,0.207550,9.299571,
cc-89,CH3CHClCH3,-0.288680,0.025530,8.550090,0.314210,9.753117,
cc-93,CH2CCl2,-0.266280,-0.016850,6.787336,0.249430,6.691016,
cc-97,CHFCl2,-0.322550,-0.027860,8.018923,0.294690,11.395367,
cc-101,N(CH3)3,-0.207200,0.084180,7.928854,0.291380,0.884384,
cc-105,CBrCl3,-0.304080,-0.086990,5.907320,0.217090,9.644604,
cc-109,C4H10O,-0.259290,0.066020,8.852136,0.325310,14.062349,
cc-113,CF3Cl,-0.348100,-0.006940,9.283437,0.341160,14.693325,
cc-117,C6H14,-0.303190,0.076640,10.335701,0.379830,15.422348,
cc-121,CF3COOH,-0.313430,-0.038690,7.476056,0.274740,5.811824,
cc-125,C2F6,-0.388890,0.085990,12.922143,0.474880,22.787613,
cc-129,C(NH2)H2C(CH3)HCH3,-0.229160,0.078560,8.373488,0.307720,14.092013,
cc-133,CH3CHClCH2CH3,-0.287390,0.026810,8.549818,0.314200,9.675444,
cc-137,CH3COCH2CH3,-0.243450,-0.009760,6.359029,0.233690,5.142672,
cc-141,CHCl2CHO,-0.289890,-0.071870,5.932626,0.218020,4.801117,
cc-145,C3H4O2,-0.277220,-0.050580,6.167189,0.226640,5.092937,
cc-149,CH3COOCH3,-0.269420,0.014550,7.727217,0.283970,6.809867,
cc-153,C4H7NO,-0.248230,-0.027030,6.019159,0.221200,4.937082,
cc-157,C12H10,-0.222190,-0.024780,5.371800,0.197410,4.666542,
cc-161,C3H5Cl3,-0.291620,-0.028620,7.156595,0.263000,8.194600,
cc-165,C6H12,-0.304700,0.084080,10.579243,0.388780,14.700660,
cc-169,C2H4CO3,-0.305350,0.022960,8.933770,0.328310,6.981719,
cc-173,C6H5NO2,-0.278960,-0.089180,5.164177,0.189780,3.956033,
cc-177,C14H14,-0.232030,0.001850,6.364199,0.233880,5.477766,
cc-181,CH2BrCH2Br,-0.282180,-0.031760,6.814275,0.250420,7.091678,
cc-185,CH3CH2CH2CH3,-0.317460,0.094880,11.220343,0.412340,15.905045,
cc-189,CHCCH2CH3,-0.257920,0.057060,8.571042,0.314980,8.472954,
cc-193,CH2ClCH2Cl,-0.306780,-0.006120,8.181375,0.300660,8.971090,
cc-197,C3H6O,-0.254370,0.013530,7.289930,0.267900,6.374074,
cc-201,C2H2O2,-0.269550,-0.114300,4.224568,0.155250,2.599185,
cc-205,C6H14,-0.304440,0.087410,10.662782,0.391850,15.272110,
cc-209,C4H2O3,-0.299280,-0.117130,4.956554,0.182150,3.990932,
cc-213,C6H5CH3,-0.235350,0.005350,6.549781,0.240700,5.730940,
cc-217,C6H5OH,-0.218940,0.001290,5.992764,0.220230,5.259686,
cc-221,CH2CHCH2CH2CH3,-0.248960,0.026560,7.497281,0.275520,6.570864,
cc-225,C3H2N2,-0.349520,-0.016160,9.071188,0.333360,7.411164,
cc-229,NH(C2H5)2,-0.214490,0.088640,8.248588,0.303130,13.187407,
cc-233,HCOOC2H5,-0.280000,0.008150,7.840961,0.288150,6.633533,
cc-237,C4H8S,-0.211360,0.037950,6.784071,0.249310,9.245137,
cc-241,C5H9N,-0.316440,0.036530,9.604803,0.352970,7.164232,
cc-245,C4H10O2,-0.250880,0.085840,9.162618,0.336720,13.997082,
cc-249,C5H5N,-0.252580,-0.022440,6.262428,0.230140,4.560089,
cc-253,C5H11N,-0.214450,0.083910,8.118789,0.298360,13.272652,
cc-257,C9H20,-0.292620,0.090890,10.435839,0.383510,14.841410,
cc-261,CH2C(CH3)CH3,-0.239520,0.031140,7.365034,0.270660,6.340438,
cc-265,C5H8O,-0.235900,-0.014690,6.019431,0.221210,5.000676,
cc-269,HCONHCH3,-0.251730,0.033050,7.749259,0.284780,6.042394,
cc-273,CHOCH2CH2CH3,-0.252420,-0.018800,6.357124,0.233620,5.039574,
cc-277,CO2,-0.369970,0.029910,10.881289,0.399880,9.939668,
cc-281,C2Cl4,-0.261650,-0.040210,6.025689,0.221440,6.162963,
cc-285,HOCH2CH2NH2,-0.243910,0.068980,8.514171,0.312890,13.928619,
cc-289,C5H8,-0.232910,0.033140,7.239589,0.266050,5.993548,
cc-293,NaCN,-0.235510,-0.072040,4.448245,0.163470,4.186583,
cc-297,C5H9NO2,-0.222210,0.004920,6.180522,0.227130,5.321976,
cc-301,CHClCHCl,-0.259620,-0.014630,6.666518,0.244990,6.470846,
cc-305,CH2NN,-0.278720,-0.066090,5.785957,0.212630,3.082603,
cc-309,C5H8,-0.251110,0.098470,9.512556,0.349580,10.218500,
cc-313,C12H8,-0.197000,-0.044570,4.147832,0.152430,3.494849,
cc-317,C7H12,-0.284470,0.079290,9.898414,0.363760,14.488275,
cc-321,C6H12N2,-0.181680,0.069490,6.834684,0.251170,10.739656,
cc-325,C3H6S,-0.217180,0.006510,6.086915,0.223690,8.061261,
cc-329,C3H3NO,-0.251860,-0.000360,6.843664,0.251500,5.533091,
cc-333,C3H3N3,-0.279580,-0.057990,6.029771,0.221590,4.336022,
cc-337,C8H16,-0.284970,0.079590,9.920183,0.364560,14.524525,
cc-341,N2H4,-0.239870,0.075220,8.574036,0.315090,11.237989,
cc-345,C2H5F,-0.321830,0.102030,11.533818,0.423860,17.510866,
cc-349,CBrClF2,-0.308240,-0.058210,6.803663,0.250030,11.228138,
cc-353,C2HF3,-0.254440,0.026520,7.645311,0.280960,7.010118,
cc-357,SF5CF3,-0.391400,-0.081140,8.442605,0.310260,9.681364,
cc-361,SiC,-0.249380,-0.198560,1.382883,0.050820,0.151259,
cc-365,C2H4S,-0.225490,0.008350,6.363111,0.233840,6.765176,
cc-369,C4H6O2,-0.243480,-0.085950,4.286610,0.157530,2.720844,
cc-373,C6H4,-0.258440,-0.070140,5.123904,0.188300,3.259284,
cc-377,CH2(OH)2,-0.278550,0.075620,9.637457,0.354170,15.554079,
cc-381,NH2COOH,-0.272040,0.052990,8.844517,0.325030,7.457002,
cc-385,CaCO3,-0.172520,-0.129370,1.174171,0.043150,5.870849,
cc-389,C2H3NO3,,,,,4.151986,null_homo_lumo
cc-393,C3H6O,-0.241670,0.088130,8.974315,0.329800,13.206041,
cc-397,C3O2,-0.290320,-0.067160,6.072493,0.223160,5.586421,
cc-401,ClCN,-0.336280,-0.014940,8.744107,0.321340,8.053402,
cc-405,CH3CCl(CH3)CH3,-0.285490,0.020070,8.314711,0.305560,9.546472,
cc-409,C4H10O2,-0.249510,0.080350,8.975948,0.329860,13.663585,
cc-413,C6H4F2,-0.241250,-0.020990,5.993580,0.220260,4.907669,
cc-417,CH2SHCH2SH,-0.239550,0.001810,6.567740,0.241360,9.362066,
cc-421,C4H9NO,-0.243360,0.033940,7.545717,0.277300,6.524711,
cc-425,C3H4O2,-0.259380,-0.050690,5.678744,0.208690,4.789204,
cc-429,C3H7ONO,-0.270490,-0.074840,5.323908,0.195650,2.293502,
cc-433,C5H6S,-0.221570,-0.004550,5.905415,0.217020,4.889485,
cc-437,CD4,-0.389060,0.117900,13.795084,0.506960,21.282986,
cc-441,C6H12,-0.217820,0.037290,6.941897,0.255110,5.697202,
cc-445,CH3CHCHCH3,-0.234610,0.036850,7.386803,0.271460,6.183216,
cc-449,C5H8,-0.245170,0.023920,7.322312,0.269090,6.294648,
cc-453,C6H12,-0.248430,0.026840,7.490478,0.275270,6.567294,
cc-457,HCCBr,-0.266410,0.003600,7.347346,0.270010,8.449062,
cc-461,CH3NC,-0.295530,0.035280,9.001799,0.330810,7.154124,
cc-465,COBr2,-0.298460,-0.080850,5.921470,0.217610,6.185177,
cc-469,CH3CCl2CH3,-0.296700,-0.010780,7.780280,0.285920,10.139187,
cc-473,C5H8,-0.235240,0.031050,7.246120,0.266290,6.121382,
cc-477,C5H12O,-0.260830,0.073270,9.091324,0.334100,14.258308,
cc-481,C4H8Cl2,-0.300770,-0.006270,8.013753,0.294500,8.636777,
cc-485,CH3CHCHCH3,-0.234990,0.036290,7.381905,0.271280,6.207209,
cc-489,CH3N3,-0.255400,-0.027880,6.191135,0.227520,4.585196,
cc-493,C2H5NO3,-0.311960,-0.062320,6.793050,0.249640,5.280149,
cc-497,C5H10,-0.234890,0.033970,7.316053,0.268860,6.239264,
cc-501,C5H12S,-0.214080,0.042580,6.984074,0.256660,10.147107,
cc-505,C8H8,-0.203460,-0.045620,4.295045,0.157840,3.144606,
cc-509,C3H6O2,-0.251900,0.097650,9.511740,0.349550,13.014429,
cc-513,C4H4O2,-0.259240,-0.007900,6.839310,0.251340,6.100045,
cc-517,CHD3,-0.388980,0.117890,13.792635,0.506870,21.258984,
cc-521,C2F2,-0.278640,0.041450,8.710093,0.320090,9.717227,
cc-525,C5H8,-0.231450,0.026310,7.014007,0.257760,6.019602,
cc-529,C6H8,-0.223520,0.025790,6.784071,0.249310,5.748823,
cc-533,C4H2N2,-0.307200,-0.112670,5.293431,0.194530,4.271124,
cc-537,CF3CH2F,-0.357440,0.070790,11.652732,0.428230,19.530642,
cc-541,C3H4S3,-0.224800,-0.071420,4.173682,0.153380,3.900405,
cc-545,CDCl3,-0.315940,-0.049820,7.241494,0.266120,10.110786,
cc-549,C4H8O2,-0.210060,0.068470,7.579187,0.278530,6.881141,
cc-553,C5H4O2,-0.253900,-0.099090,4.212595,0.154810,3.132310,
cc-557,C5H11N,-0.229520,0.078350,8.377569,0.307870,13.559566,
cc-561,C4N2,-0.327070,-0.117430,5.704595,0.209640,4.807311,
cc-565,C4H4,-0.183200,-0.047510,3.692313,0.135690,2.965471,
cc-569,C5H8,-0.238570,0.020490,7.049382,0.259060,6.330848,
cc-573,C4H8Cl2,-0.291840,0.013030,8.295935,0.304870,9.609940,
cc-577,C4H6O,-0.204300,0.042480,6.715226,0.246780,5.981014,
cc-581,Mg(OH)2,-0.263130,-0.048450,5.841740,0.214680,8.843997,
cc-585,KOH,-0.138010,-0.048880,2.425351,0.089130,7.147447,
cc-589,Na2O,-0.121720,-0.047040,2.032146,0.074680,6.809966,
cc-593,SiF2,-0.290960,-0.077630,5.805005,0.213330,4.491934,
cc-597,CF3OH,-0.357310,0.051490,11.124015,0.408800,17.773029,
cc-601,C5H6,-0.229970,-0.017090,5.792760,0.212880,5.131643,
cc-605,CCl2,-0.270390,-0.130520,3.806057,0.139870,3.016907,
cc-609,C2H2F2,-0.253790,0.020830,7.472791,0.274620,6.759814,
cc-613,CFCl,-0.285670,-0.110240,4.773693,0.175430,3.106250,
cc-617,CH3OCH2CN,-0.290170,0.006650,8.076884,0.296820,6.491343,
cc-621,FCO+,-0.793590,-0.356230,11.901172,0.437360,10.968777,
cc-625,C5H6,-0.228910,-0.016670,5.775345,0.212240,5.139429,
cc-629,C2H5+,-0.653740,-0.320100,9.078807,0.333640,4.769337,
cc-633,CN+,-0.773540,-0.694260,2.157319,0.079280,3.412900,
cc-637,C2H-,0.034400,0.349130,8.564240,0.314730,7.797744,
cc-641,CH3OO-,0.101850,0.306030,5.556021,0.204180,5.666596,
cc-645,CCH2,-0.287920,-0.093860,5.280642,0.194060,2.945190,
cc-649,CH3+,-0.788270,-0.485360,8.242601,0.302910,17.471634,
cc-653,CHFCHCl,-0.256800,0.000620,7.004755,0.257420,6.671621,
cc-657,CH3CHOH+,-0.623830,-0.328770,8.028992,0.295060,10.647393,
cc-661,C6H12,-0.281050,0.092700,10.170256,0.373750,14.350616,
cc-665,LiCN,-0.254320,-0.058170,5.337513,0.196150,4.442868,
cc-669,SF6,-0.427400,-0.088610,9.218946,0.338790,15.638287,
cc-673,HCO-,0.122070,0.276380,4.198989,0.154310,2.360407,
cc-677,HCCN,-0.268550,-0.177970,2.464807,0.090580,0.174832,
cc-681,ClNO,-0.306540,-0.149730,4.267017,0.156810,3.190903,
cc-685,C6H6,-0.225940,0.002330,6.211543,0.228270,5.873914,
cc-689,C3H3-,0.068230,0.284580,5.887183,0.216350,5.324423,
cc-693,CH3OOH,-0.258340,0.029550,7.833886,0.287890,6.733362,
cc-697,CH3SO2NH2,-0.294690,0.051350,9.416228,0.346040,11.213394,
cc-701,C4H3ClO,-0.227900,0.004770,6.331273,0.232670,5.526082,
cc-705,CH3SSSCH3,-0.241540,-0.049270,5.231933,0.192270,7.546520,
cc-709,CF+,-0.798560,-0.476790,8.755808,0.321770,5.446642,
cc-713,C6H12,-0.234620,0.034170,7.314149,0.268790,6.228868,
cc-717,C5H12S,-0.212590,0.039250,6.852916,0.251840,9.963292,
cc-721,C2H6N2O2,-0.272160,-0.040960,6.291273,0.231200,4.064310,
cc-725,NH2CCNH2,-0.198360,0.074850,7.434423,0.273210,7.780659,
cc-729,CH3CClCHCH3,-0.240290,0.016730,6.993870,0.257020,6.150429,
cc-733,CH3CClCHCH3,-0.239340,0.015500,6.934550,0.254840,6.139386,
cc-737,C6H10,-0.208030,-0.009540,5.401188,0.198490,4.329176,
cc-741,C4H5N,-0.292550,0.027910,8.720161,0.320460,6.919995,
cc-745,C5H12O,-0.260210,0.075490,9.134862,0.335700,14.453054,
cc-749,C8H6,-0.183430,-0.037950,3.958712,0.145480,4.226617,
cc-753,CNOH3,-0.261640,0.044700,8.335936,0.306340,6.242496,
cc-757,C5H10O,-0.241770,0.074690,8.611315,0.316460,13.058420,
cc-764,SeO2,-0.312650,-0.150200,4.420490,0.162450,2.148186,
cc-768,KCl,-0.199350,-0.064800,3.661292,0.134550,6.658995,
cc-772,C2Cl2,-0.266690,-0.000990,7.230065,0.265700,8.798879,
cc-776,CHClCHCH2CH3,-0.247320,0.007490,6.933733,0.254810,6.429702,
cc-780,C6H12,-0.235210,0.031120,7.247208,0.266330,6.295696,
cc-784,HCl,-0.331470,0.010030,9.292688,0.341500,18.311333,
cc-788,H3PO4,-0.301510,0.020490,8.762066,0.322000,14.852968,
cc-792,C6H12,-0.234220,0.034570,7.314149,0.268790,6.202260,
cc-796,HNO3,-0.327910,-0.076590,6.838766,0.251320,6.137820,
cc-800,H2O2,-0.269320,0.024590,7.997699,0.293910,7.299807,
cc-804,N2,-0.426870,-0.024120,10.959386,0.402750,4.766768,
cc-808,D2,-0.433960,0.100090,14.532241,0.534050,19.253151,
cc-812,GeH4,-0.346850,0.052810,10.875303,0.399660,11.234667,
cc-816,H2SO3,-0.293660,0.004880,8.123687,0.298540,10.386110,
cc-820,H2SeO4,-0.325640,-0.067150,7.033871,0.258490,12.683516,
cc-824,FOOF,-0.365950,-0.119470,6.707062,0.246480,5.488308,
cc-828,NF3,-0.351450,0.019580,10.096241,0.371030,2.042455,
cc-832,SiF4,-0.437930,0.006640,12.097366,0.444570,19.912878,
cc-836,AlH3,-0.307030,-0.071110,6.419710,0.235920,6.392032,
cc-840,AsH3,-0.279390,0.022730,8.221104,0.302120,8.566220,
cc-844,BeH2,-0.313060,-0.025080,7.836335,0.287980,5.905620,
cc-848,KF,-0.181950,-0.052150,3.532038,0.129800,9.333309,
cc-852,BrF5,-0.368530,-0.148290,5.993036,0.220240,8.880465,
cc-856,CaH2,-0.211980,-0.043260,4.591105,0.168720,5.131046,
cc-860,ClF3,-0.334550,-0.150570,5.006351,0.183980,7.680648,
cc-864,Cl2O,-0.291430,-0.141000,4.093409,0.150430,4.537700,
cc-868,PH3,-0.275700,0.032030,8.373760,0.307730,14.724119,
cc-872,C5H5NO,-0.242880,-0.094660,4.033272,0.148220,2.373677,
cc-876,C5H5NO,-0.215200,-0.011280,5.548946,0.203920,5.252209,
cc-880,C4H6OS,-0.196530,0.020270,5.899429,0.216800,5.880350,
cc-884,C3H4N2,-0.202540,-0.051540,4.108919,0.151000,3.160101,
cc-892,H2CN+,-0.710890,-0.504830,5.607178,0.206060,2.711684,
cc-896,H3O2+,-0.623130,-0.332480,7.908989,0.290650,8.690333,
cc-900,C2H7+,-0.658950,-0.301870,9.716642,0.357080,8.923514,
cc-904,HOCHNH,-0.276490,0.022770,8.143279,0.299260,6.662689,
cc-908,HNCNH2+,-0.554390,-0.265320,7.865995,0.289070,0.822460,
cc-912,C4H6N+,-0.449090,-0.238720,5.724459,0.210370,3.007732,
cc-916,F2H+,-0.791500,-0.561310,6.263789,0.230190,10.525702,
cc-920,SiHCl3,-0.335300,-0.025340,8.434441,0.309960,13.369926,
cc-924,PCl5,-0.314270,-0.162870,4.119804,0.151400,11.279556,
cc-928,BN,-0.301000,-0.229190,1.954050,0.071810,2.867151,
cc-932,OClO+,-0.688100,-0.514830,4.714917,0.173270,11.314207,
cc-936,N2O5,-0.348350,-0.117510,6.281476,0.230840,5.674958,
cc-940,NO2+,-0.766500,-0.422960,9.348200,0.343540,7.723272,
cc-944,CH2NH2+,-0.653210,-0.319410,9.083161,0.333800,9.417775,
cc-948,NH2Cl,-0.263970,-0.035870,6.206917,0.228100,6.209539,
cc-952,BC-,0.058730,0.114730,1.523838,0.056000,2.499902,
cc-956,GeS2,-0.279570,-0.096660,4.977235,0.182910,4.647024,
cc-960,NO3+,-0.688460,-0.495630,5.247172,0.192830,2.528794,
cc-964,SiN-,-0.001800,0.195770,5.376154,0.197570,0.465935,
cc-968,GaP,-0.215270,-0.181570,0.917024,0.033700,3.589157,
cc-972,C3,-0.326440,-0.157900,4.586207,0.168540,2.004479,
cc-976,SiP-,-0.013990,0.145270,4.333685,0.159260,1.469456,
cc-980,LiO+,-0.624690,-0.543690,2.204122,0.081000,6.794927,
cc-984,PO2+,-0.693800,-0.473460,5.995757,0.220340,6.484376,
cc-988,P4,-0.272060,-0.037740,6.376172,0.234320,4.135983,
cc-992,NCl,-0.224670,-0.165580,1.607921,0.059090,3.257987,
cc-996,BS+,-0.598290,-0.517630,2.194870,0.080660,0.807332,
cc-1000,AsP,-0.274060,-0.099230,4.757367,0.174830,3.152125,
cc-1004,ClOOCl,-0.318710,-0.138550,4.902403,0.180160,4.379192,
cc-1008,CP+,-0.603130,-0.548970,1.473769,0.054160,4.370927,
cc-1012,O3H+,-0.675090,-0.522340,4.156539,0.152750,7.203960,
cc-1016,CH3BH2,-0.317890,-0.038790,7.594698,0.279100,4.362806,
cc-1020,Li3+,-0.311730,-0.198870,3.071077,0.112860,2.023931,
cc-1024,AsH,-0.193840,-0.168860,0.679740,0.024980,7.757018,
cc-1028,BrNO,-0.283850,-0.145750,3.757892,0.138100,2.429311,
cc-1032,HCF,-0.243460,-0.094740,4.046877,0.148720,2.177233,
cc-1036,H2S2,-0.268430,-0.054050,5.833577,0.214380,8.098147,
cc-1040,CuF,-0.225430,-0.106320,3.241148,0.119110,2.360015,
cc-1044,D2S,-0.261530,0.019650,7.651298,0.281180,14.375910,
cc-1048,SiCl2,-0.283560,-0.119270,4.470559,0.164290,2.149403,
cc-1052,AlCl,-0.253560,-0.068160,5.044991,0.185400,3.039738,
cc-1056,BeH-,0.110060,0.210730,2.739370,0.100670,2.255723,
cc-1060,ClF5,-0.372790,-0.163010,5.708405,0.209780,8.858267,
cc-1064,FSSF,-0.293720,-0.066260,6.189502,0.227460,8.395152,
cc-1068,NH3BF3,-0.336510,0.023840,9.805623,0.360350,12.586203,
cc-1072,SiH3-,0.033060,0.259790,6.169638,0.226730,10.642153,
cc-1076,B2O2,-0.379390,-0.083190,8.060013,0.296200,6.002666,
cc-1080,DOCl,-0.283970,-0.080720,5.530714,0.203250,5.887193,
cc-1084,BH3NH3,-0.267370,0.027430,8.021917,0.294800,10.440336,
cc-1088,SF5Cl,-0.355330,-0.142700,5.785957,0.212630,11.637030,
cc-1092,BeCl+,-0.581550,-0.407460,4.737230,0.174090,3.186872,
cc-1096,H3PO,-0.284270,0.014400,8.127225,0.298670,16.238686,
cc-1100,HSSSH,-0.269180,-0.071620,5.375881,0.197560,7.681475,
cc-1104,BrF,-0.304570,-0.125920,4.861314,0.178650,6.816694,
cc-1108,HS-,0.047270,0.308860,7.118227,0.261590,16.008793,
cc-1112,CH3C(NH2)HCH2CH3,-0.229220,0.076610,8.322058,0.305830,13.580997,
cc-1116,GaF,-0.275900,-0.057630,5.939429,0.218270,4.296582,
cc-1120,H3O+,-0.742040,-0.268660,12.881326,0.473380,17.818041,
cc-1124,ZnH2,-0.283860,-0.030060,6.906250,0.253800,5.995170,
cc-1128,MgH-,0.047100,0.136200,2.424535,0.089100,2.770806,
cc-1132,Be2,-0.180230,-0.071750,2.951891,0.108480,2.338855,
cc-1136,BH2+,-0.748440,-0.407920,9.266021,0.340520,4.835527,
cc-1140,AlO+,-0.561880,-0.481000,2.200857,0.080880,4.269824,
cc-1144,CF3COO-,-0.037120,0.233710,7.369660,0.270830,5.523703,
cc-1148,AsH2+,-0.593630,-0.457730,3.698027,0.135900,6.576479,
cc-1152,SO4--,0.195570,0.562510,9.984946,0.366940,14.342928,
cc-1156,HDO,-0.291190,0.062600,9.627116,0.353790,17.679348,
cc-1160,MgCl+,-0.500960,-0.370730,3.543739,0.130230,5.677706,
cc-1164,SCl+,-0.543940,-0.507770,0.984236,0.036170,10.827511,
cc-1168,NBr3,-0.277400,-0.147800,3.526596,0.129600,4.113337,
cc-1172,C4H6O,-0.249410,-0.058450,5.196286,0.190960,4.152458,
cc-1176,PF,-0.190280,-0.155670,0.941786,0.034610,11.456844,
cc-1180,C3H5Cl,-0.247720,0.008910,6.983258,0.256630,6.367568,
cc-1184,C6H4,-0.229870,-0.056130,4.727706,0.173740,4.371877,
cc-1188,S2F2,-0.286130,-0.093340,5.246083,0.192790,8.435460,
cc-1192,C5H6N+,-0.478570,-0.257820,6.006914,0.220750,1.146770,
cc-1196,CHBr,-0.243620,-0.123410,3.271081,0.120210,1.496171,
cc-1200,PN,-0.325770,-0.083610,6.589509,0.242160,4.762481,
cc-1204,B4H10,-0.325740,0.009580,9.124522,0.335320,6.314486,
cc-1208,C4H6(CH3)2,-0.283950,0.083480,9.998280,0.367430,14.318428,
cc-1212,B2H6,-0.328650,-0.029660,8.135932,0.298990,5.449729,
cc-1216,BBr,-0.254410,-0.070380,5.007711,0.184030,2.544190,
cc-1220,BCl,-0.259680,-0.065680,5.279009,0.194000,4.288380,
cc-1224,CH3CHNH,-0.259810,0.005100,7.208568,0.264910,5.223809,
cc-1228,BrOBr,-0.272550,-0.145330,3.461833,0.127220,4.479196,
cc-1232,C4H4N-,0.030500,0.303440,7.427076,0.272940,5.747017,
cc-1236,AlN,-0.236870,-0.178500,1.588329,0.058370,1.524556,
cc-1240,CH6N3+,-0.484150,-0.176700,8.366141,0.307450,7.884468,
cc-1244,H2OH2O,-0.265030,0.040180,8.305187,0.305210,17.577522,
cc-1248,F3-,-0.042730,0.137380,4.901043,0.180110,3.418357,
cc-1252,Li3N,-0.107570,-0.033830,2.006568,0.073740,5.187420,
cc-1256,AsN,-0.309310,-0.089510,5.981063,0.219800,2.916133,
cc-1261,ClOF3,-0.364440,-0.152880,5.756841,0.211560,8.349037,
cc-1265,LiN,-0.171990,-0.110360,1.677038,0.061630,5.069225,
cc-1269,CHFClCHClF,-0.322050,-0.021360,8.182192,0.300690,9.707558,
cc-1273,HCS+,-0.651210,-0.374470,7.530479,0.276740,5.776762,
cc-1277,BeN-,0.051640,0.111350,1.624792,0.059710,4.077046,
cc-1281,NH3O,-0.186470,0.023550,5.714935,0.210020,14.647012,
cc-1285,H2Cl+,-0.680720,-0.306670,10.178419,0.374050,3.069706,
cc-1289,CH3NHN2+,-0.543640,-0.314570,6.233312,0.229070,0.936302,
cc-1293,H2COO,-0.241950,-0.088960,4.163070,0.152990,4.778784,
cc-1297,C4F4,-0.209420,-0.077060,3.601699,0.132360,2.409411,
cc-1301,C6H8,-0.215310,-0.033030,4.960091,0.182280,3.881862,
cc-1306,C4H7NO,-0.282240,0.009200,7.930486,0.291440,6.409457,
cc-1314,CNO-,0.022180,0.319710,8.096204,0.297530,6.982604,
cc-1318,FONO,-0.321200,-0.112330,5.683642,0.208870,2.728650,
cc-1322,PPO,-0.278140,-0.104160,4.734237,0.173980,4.147429,
cc-1326,ONONO,-0.298200,-0.123300,4.759271,0.174900,1.975070,
cc-1330,CH2BOH,-0.199080,0.017820,5.902150,0.216900,4.703137,
cc-1334,CNF,-0.343490,-0.021750,8.754991,0.321740,7.778144,
cc-2,H2OH2CO,-0.279030,-0.055340,6.086915,0.223690,4.831962,
cc-6,H2OHCOOH,-0.286150,-0.003910,7.680142,0.282240,6.676465,
cc-10,CH3SeH,-0.220710,0.013140,6.363383,0.233850,8.359492,
cc-14,NC4H12+,-0.580360,-0.132000,12.200497,0.448360,14.303179,
cc-18,HO2CCHNH2CH2OH,-0.245550,-0.013420,6.316579,0.232130,5.501966,
cc-22,NH2CONH2,-0.250130,0.051400,8.205049,0.301530,6.923227,
cc-26,CH3CONH2,-0.243480,0.034850,7.573745,0.278330,6.618494,
cc-30,HCOOH,-0.291680,-0.000690,7.918241,0.290990,6.720956,
cc-34,CH3COCH3,-0.244190,-0.011140,6.341614,0.233050,5.271081,
cc-38,C2Cl6,-0.315230,-0.058070,6.997680,0.257160,9.382834,
cc-42,C3H7OH,-0.261490,0.077640,9.228197,0.339130,15.176781,
cc-46,C6H6,-0.246290,0.003620,6.800398,0.249910,6.062120,
cc-50,CH3CCl3,-0.308230,-0.045190,7.157683,0.263040,10.510954,
cc-54,C2H6,-0.340080,0.104770,12.104985,0.444850,17.659836,
cc-58,CH3NH2,-0.228640,0.084530,8.521790,0.313170,14.600607,
cc-62,C2H5Br,-0.268110,0.004350,7.414014,0.272460,8.557665,
cc-66,CH3CH2Cl,-0.291580,0.027760,8.689684,0.319340,10.271893,
cc-70,CH3CN,-0.326430,0.036670,9.880454,0.363100,8.013959,
cc-74,CH2Cl2,-0.309670,-0.016040,7.990079,0.293630,10.470279,
cc-78,HNCO,-0.302100,0.002920,8.300017,0.305020,7.449073,
cc-82,C3H6,-0.287650,0.105590,10.700606,0.393240,11.953392,
cc-86,CH3CHBrCH3,-0.265330,0.002220,7.280406,0.267550,8.153217,
cc-90,CH3CH(NH2)CH3,-0.229460,0.076340,8.321242,0.305800,13.796780,
cc-94,CH3COCl,-0.300190,-0.041580,7.037137,0.258610,6.317590,
cc-98,CCl2O,-0.326420,-0.065100,7.110879,0.261320,6.981335,
cc-102,CH3NO2,-0.294940,-0.069750,6.127732,0.225190,4.578322,
cc-106,CF3Br,-0.314450,-0.034310,7.622998,0.280140,12.226700,
cc-110,CH3CF2Cl,-0.322970,0.006830,8.974315,0.329800,12.299258,
cc-114,CF4,-0.428560,0.178930,16.530645,0.607490,32.290028,
cc-118,CCl3CHO,-0.301950,-0.079600,6.050452,0.222350,5.055584,
cc-122,CF2ClCFCl2,-0.329070,-0.045620,7.713067,0.283450,10.558577,
cc-126,C3F8,-0.370830,0.049380,11.434497,0.420210,20.022295,
cc-130,CH3CH(CH3)CN,-0.318150,0.035790,9.631198,0.353940,7.403469,
cc-134,CH2ClCHClCH3,-0.301850,-0.007170,8.018651,0.294680,8.709879,
cc-138,C3H4O2,-0.256470,-0.099520,4.270827,0.156950,2.667651,
cc-142,C3H7NO,-0.244360,0.033260,7.554425,0.277620,6.494651,
cc-146,HOCH2COOH,-0.274700,-0.007120,7.281223,0.267580,6.606867,
cc-150,C6H14,-0.302040,0.083750,10.497881,0.385790,14.914705,
cc-154,C2H4N2S2,-0.224040,-0.097040,3.455846,0.127000,3.083732,
cc-158,C6H4Cl2,-0.251490,-0.024110,6.187325,0.227380,5.537873,
cc-162,C5H10O,-0.242470,-0.008270,6.372907,0.234200,5.036783,
cc-166,C5H10O,-0.257210,0.073930,9.010778,0.331140,14.169598,
cc-170,C5H7N,-0.199210,0.046950,6.698355,0.246160,5.974366,
cc-174,C6H5CH2CH3,-0.235770,0.005210,6.557400,0.240980,5.799202,
cc-178,C12H10N2,-0.224810,-0.079700,3.948644,0.145110,1.181210,
cc-182,CH2BrCH2Br,-0.282180,-0.031760,6.814275,0.250420,7.091678,
cc-186,CH2CHCH2CH3,-0.249890,0.025950,7.505989,0.275840,6.638255,
cc-190,CH2CHCHO,-0.257130,-0.065000,5.228124,0.192130,4.020452,
cc-194,CH2ClCH2OH,-0.281760,0.019850,8.207226,0.301610,10.192969,
cc-198,C3H4O,-0.258990,0.026400,7.765858,0.285390,7.984741,
cc-202,CH3CHNOH,-0.248660,0.009710,7.030606,0.258370,5.165867,
cc-206,C4H10O2,-0.255460,0.068810,8.823836,0.324270,14.149148,
cc-210,C3Cl3N3,-0.319990,-0.089220,6.279572,0.230770,5.057194,
cc-214,C6H5Cl,-0.246440,-0.012550,6.364471,0.233890,5.649171,
cc-218,C5H5NO,-0.235320,-0.022590,5.788678,0.212730,4.381253,
cc-222,CH2ClCH2CH2CH3,-0.288890,0.027970,8.622200,0.316860,10.238943,
cc-226,C3H8S2,-0.237820,0.012290,6.805840,0.250110,10.230946,
cc-230,C2H3OC2H5,-0.216480,0.040190,6.984347,0.256670,6.414734,
cc-234,C4H5N,-0.201530,0.050960,6.870603,0.252490,6.016335,
cc-238,C4H4S,-0.232830,-0.007600,6.128821,0.225230,5.140567,
cc-242,C4H4N2,-0.339680,-0.001660,9.197993,0.338020,7.037963,
cc-246,C6H12,-0.291950,0.087750,10.332163,0.379700,15.042381,
cc-250,C5H8O,-0.210180,0.044620,6.933461,0.254800,6.143395,
cc-254,C3H7OC3H7,-0.248560,0.089160,9.189829,0.337720,14.200533,
cc-258,CH5N3,-0.227930,0.056060,7.727762,0.283990,6.560431,
cc-262,CH2C(CH3)OCH3,-0.216160,0.039930,6.968564,0.256090,6.305454,
cc-266,C6H15N,-0.204110,0.092090,8.060013,0.296200,13.143280,
cc-270,HCONHCH3,-0.251730,0.033050,7.749259,0.284780,6.042394,
cc-274,C4H9N,-0.214590,0.082400,8.081510,0.296990,12.968311,
cc-278,CH3NHCH3,-0.215080,0.086780,8.214029,0.301860,13.685318,
cc-282,C16H10,-0.195740,-0.054380,3.846602,0.141360,3.037618,
cc-286,CHOCH2OH,-0.278260,-0.041740,6.436037,0.236520,5.028024,
cc-290,C6H12O2,-0.273700,0.012400,7.785178,0.286100,6.617485,
cc-294,NaCN,-0.235510,-0.072040,4.448245,0.163470,4.186583,
cc-298,KCN,-0.189200,-0.065750,3.359246,0.123450,4.795649,
cc-302,CHClCHCl,-0.259860,-0.019150,6.550053,0.240710,6.445739,
cc-306,CH2O2,-0.276120,-0.032960,6.616721,0.243160,4.741380,
cc-310,C24H12,-0.200310,-0.051910,4.038170,0.148400,3.312603,
cc-314,C10H8,-0.190390,-0.067140,3.353803,0.123250,2.761023,
cc-318,C8H14,-0.276730,0.068980,9.407248,0.345710,14.152170,
cc-322,C10H16,-0.273350,0.069330,9.324798,0.342680,13.829439,
cc-326,C3H4N2,-0.243270,0.024020,7.273331,0.267290,5.366779,
cc-330,CH2N4,-0.293140,-0.023260,7.343809,0.269880,4.587286,
cc-334,C2H2N4,-0.250670,-0.115700,3.672721,0.134970,1.452371,
cc-338,C8H16,-0.284970,0.079590,9.920183,0.364560,14.524525,
cc-342,CFClCFCl,-0.257620,-0.008020,6.791962,0.249600,6.538003,
cc-346,COFCl,-0.337420,-0.042220,8.032801,0.295200,8.019261,
cc-350,CF3CN,-0.383740,-0.027970,9.680995,0.355770,7.237921,
cc-354,CHF2CHF2,-0.337780,0.078960,11.340073,0.416740,18.491854,
cc-358,CF3OF,-0.354400,-0.088140,7.245304,0.266260,8.029764,
cc-362,NH2CN,-0.272630,0.034760,8.364508,0.307390,6.731846,
cc-366,CH3CF3,-0.374040,0.106400,13.073438,0.480440,19.551437,
cc-370,C4H2,-0.258090,-0.020630,6.461616,0.237460,6.484474,
cc-374,CH2CCH2,-0.262960,0.020640,7.717149,0.283600,6.746107,
cc-378,OCS,-0.304650,-0.033600,7.375646,0.271050,6.889199,
cc-382,H2CO3,-0.296340,0.035080,9.018398,0.331420,8.600610,
cc-386,CHCl2CHF2,-0.320940,-0.025590,8.036883,0.295350,10.255865,
cc-390,C4H8O2,-0.251150,0.093570,9.380309,0.344720,13.127670,
cc-394,C3H8O2,-0.244560,0.055800,8.173212,0.300360,14.190683,
cc-398,C4H8O2,-0.260180,0.091750,9.576503,0.351930,13.862723,
cc-402,CSe2,-0.254010,-0.078820,4.767163,0.175190,4.644185,
cc-406,C5H10,-0.225650,0.038000,7.174282,0.263650,5.952656,
cc-410,C5H6O,-0.212540,0.023300,6.417533,0.235840,5.420411,
cc-414,CH2ClCH2CH3,-0.290430,0.026810,8.632540,0.317240,10.296265,
cc-418,CH3OC2H5,-0.249840,0.093750,9.349560,0.343590,14.846684,
cc-422,C3H5ClO2,-0.302680,-0.005810,8.078244,0.296870,7.265875,
cc-426,C5H6,-0.211570,-0.009840,5.489353,0.201730,4.604788,
cc-430,Zn(CH3)2,-0.245490,0.004910,6.813731,0.250400,6.464974,
cc-434,CH2CHOH,-0.228400,0.041720,7.350340,0.270120,6.684027,
cc-438,CD3F,-0.332500,0.105800,11.926751,0.438300,20.877895,
cc-442,C4H9NO,-0.241300,0.035800,7.540275,0.277100,6.483482,
cc-446,CH2CCHCH3,-0.246150,0.024670,7.369388,0.270820,6.358714,
cc-450,C5H8,-0.241420,0.032930,7.465444,0.274350,6.455669,
cc-454,C6H10,-0.245570,0.019470,7.212106,0.265040,6.296658,
cc-458,HCCCl,-0.273640,0.026620,8.170491,0.300260,8.947153,
cc-462,CH3OCl,-0.270740,-0.075740,5.306220,0.195000,5.505440,
cc-466,CHFClBr,-0.299030,-0.044040,6.938631,0.254990,10.042080,
cc-470,C3H8O2S,-0.283040,0.060920,9.359628,0.343960,12.256508,
cc-474,C2H6N2O,-0.240430,0.057770,8.114435,0.298200,6.557440,
cc-478,N(CH3)2CONH2,-0.230400,0.057770,7.841505,0.288170,6.099129,
cc-482,C2H6O3S,-0.270710,-0.004200,7.252107,0.266510,9.081259,
cc-486,C2H4F2,-0.323110,0.094760,11.370822,0.417870,18.021809,
cc-490,CH3ONO,-0.280050,-0.075690,5.560919,0.204360,2.537291,
cc-494,C4H8OS,-0.248160,-0.013590,6.382975,0.234570,5.064141,
cc-498,C4H5N,-0.272570,-0.044690,6.200931,0.227880,4.955131,
cc-502,C5H12O,-0.247850,0.093910,9.299763,0.341760,14.631922,
cc-506,CO,-0.371450,-0.021770,9.515278,0.349680,5.548564,
cc-510,C3H6O2,-0.251900,0.097650,9.511740,0.349550,13.014429,
cc-514,CH3D,-0.388980,0.117890,13.792635,0.506870,21.258984,
cc-518,C4F6,-0.234210,-0.033990,5.448264,0.200220,4.671036,
cc-522,CH3OOCH3,-0.242620,0.032260,7.479866,0.274880,6.333842,
cc-526,C6H10,-0.223280,0.037200,7.088022,0.260480,5.823098,
cc-530,C5H9N,-0.214240,0.028770,6.612639,0.243010,5.648073,
cc-534,C3H7N,-0.232410,0.089700,8.765060,0.322110,10.942793,
cc-538,C6H8,-0.209230,-0.044360,4.486341,0.164870,3.625085,
cc-542,C6H8,-0.221340,0.019250,6.546787,0.240590,5.596368,
cc-546,CH3Li,-0.169330,-0.042990,3.437887,0.126340,5.239257,
cc-550,CH2CHCH2CH2Cl,-0.261830,0.013620,7.495376,0.275450,6.588861,
cc-554,C5H4O2,-0.247920,-0.062110,5.056148,0.185810,3.721780,
cc-558,C4H6OS,-0.231110,-0.030980,5.445815,0.200130,4.389967,
cc-562,SiH2(CH3)2,-0.307770,0.057430,9.937598,0.365200,12.883902,
cc-566,C4H4,-0.118340,-0.118380,-0.001088,-0.000040,2.965471,
cc-570,C4H6S,-0.200020,0.016920,5.903238,0.216940,5.319297,
cc-574,C4H5N,-0.272850,-0.044860,6.203924,0.227990,4.946788,
cc-578,GaAs,-0.198290,-0.176070,0.604637,0.022220,0.658216,
cc-582,Mg(OH)2,-0.263130,-0.048450,5.841740,0.214680,8.843997,
cc-586,LiOH,-0.207510,-0.042040,4.502668,0.165470,6.884515,
cc-590,ZnO,-0.243800,-0.150460,2.539911,0.093340,4.952887,
cc-594,GeH3CH3,-0.316390,0.049570,9.958279,0.365960,11.502058,
cc-598,FCN,-0.352730,0.032780,10.490262,0.385510,9.287221,
cc-602,C5H8,-0.218100,-0.016390,5.488809,0.201710,4.501689,
cc-606,C5H10S,-0.213600,0.045510,7.050742,0.259110,10.015877,
cc-610,C5H12O,-0.244640,0.080690,8.852680,0.325330,13.503755,
cc-614,C4H6O,-0.230120,0.018340,6.760941,0.248460,5.714148,
cc-618,C6H10,-0.232820,0.031900,7.203398,0.264720,5.985911,
cc-622,C5H12S,-0.231360,0.028620,7.074416,0.259980,10.169996,
cc-626,C5H8,-0.217670,-0.015160,5.510578,0.202510,4.519919,
cc-630,C2H5+,-0.653740,-0.320100,9.078807,0.333640,4.769337,
cc-634,C5H12S,-0.230710,0.027700,7.031694,0.258410,9.786158,
cc-638,C2H+,-0.658830,-0.645660,0.358374,0.013170,7.675907,
cc-642,CH3OO+,-0.615210,-0.503460,3.040872,0.111750,11.487468,
cc-646,CF2,-0.297230,-0.077610,5.976165,0.219620,3.017705,
cc-650,CF3-,0.051900,0.399820,9.467386,0.347920,13.533224,
cc-654,CH3CBr3,-0.274710,-0.069800,5.575885,0.204910,8.826754,
cc-658,NH2CH2NH2,-0.220400,0.070060,7.903819,0.290460,13.973312,
cc-662,C6H12,-0.281050,0.092700,10.170256,0.373750,14.350616,
cc-666,CH2,-0.243540,-0.121450,3.322238,0.122090,0.846351,
cc-670,HOCO+,-0.704320,-0.328590,10.224134,0.375730,0.842732,
cc-674,HCO+,-0.825030,-0.383770,12.007296,0.441260,8.919542,
cc-678,C2H3-,0.092380,0.306560,5.828135,0.214180,4.939672,
cc-682,SO2F2,-0.370240,-0.036500,9.081528,0.333740,15.289150,
cc-686,C6H6,-0.225940,0.002330,6.211543,0.228270,5.873914,
cc-690,C3H3-,0.068230,0.284580,5.887183,0.216350,5.324423,
cc-694,C3H8O2,-0.253230,0.029870,7.703543,0.283100,6.759404,
cc-698,C6H2,-0.245110,-0.056140,5.142136,0.188970,5.032294,
cc-702,C6H6,-0.241190,-0.071660,4.613146,0.169530,3.974189,
cc-706,C4H11NO,-0.231170,0.062900,8.002052,0.294070,9.288286,
cc-710,CCl+,-0.677210,-0.440940,6.429234,0.236270,5.347766,
cc-714,C6H12,-0.234620,0.034170,7.314149,0.268790,6.228868,
cc-718,CH3NNCH3,-0.221450,-0.027950,5.265403,0.193500,1.805081,
cc-722,CHOCHCHCH3,-0.248800,-0.054780,5.279553,0.194020,4.161571,
cc-726,CH3N5,-0.255840,-0.004960,6.826793,0.250880,3.721473,
cc-730,C5H10S,-0.210820,0.038430,6.782438,0.249250,9.244266,
cc-734,C3H4O,-0.236700,-0.032970,5.543776,0.203730,4.537129,
cc-738,C6H10,-0.207560,-0.008550,5.415338,0.199010,4.344081,
cc-742,C6H6O,-0.238080,-0.057270,4.920091,0.180810,3.753908,
cc-746,C6H10,-0.208480,-0.010670,5.382684,0.197810,4.307071,
cc-750,B3N3H6,-0.275260,0.025070,8.172396,0.300330,5.401491,
cc-754,HCP,-0.282910,-0.046920,6.421615,0.235990,5.226123,
cc-758,C3H4O2S,-0.289410,-0.040830,6.764206,0.248580,5.947300,
cc-765,SO2,-0.330130,-0.132970,5.364997,0.197160,3.210599,
cc-769,LiCl,-0.248100,-0.060510,5.104584,0.187590,6.293900,
cc-773,LiH,-0.195420,-0.045900,4.068646,0.149520,4.808430,
cc-777,ClFO3,-0.364220,-0.125400,6.498623,0.238820,9.422529,
cc-781,NaH,-0.185810,-0.057640,3.487683,0.128170,5.280338,
cc-785,NaCl,-0.223640,-0.076220,4.011503,0.147420,6.666319,
cc-789,HF,-0.376240,0.061660,11.915866,0.437900,25.648834,
cc-793,C6H12,-0.234220,0.034570,7.314149,0.268790,6.202260,
cc-797,DCl,-0.331470,0.010030,9.292688,0.341500,18.311333,
cc-801,H2O2,-0.269320,0.024590,7.997699,0.293910,7.299807,
cc-805,H2O,-0.291190,0.062600,9.627116,0.353790,17.679848,
cc-809,F2,-0.392010,-0.127220,7.205303,0.264790,9.331145,
cc-813,HNO2,-0.293620,-0.088720,5.575613,0.204900,2.284516,
cc-817,H2SO3,-0.293660,0.004880,8.123687,0.298540,10.386110,
cc-821,MgF2,-0.344290,-0.068390,7.507621,0.275900,11.080499,
cc-825,ZnF2,-0.342220,-0.060240,7.673067,0.281980,8.642488,
cc-829,PF3,-0.322570,-0.004030,8.667915,0.318540,0.911223,
cc-833,TiF4,-0.425150,-0.106230,8.678255,0.318920,8.099638,
cc-837,AsCl3,-0.311570,-0.084380,6.182155,0.227190,7.579177,
cc-841,MgCl2,-0.316320,-0.078710,6.465697,0.237610,8.278927,
cc-845,BrF3,-0.316170,-0.147370,4.593282,0.168800,7.670252,
cc-849,LiF,-0.264010,-0.049240,5.844189,0.214770,9.073875,
cc-853,PBr3,-0.280510,-0.088560,5.223226,0.191950,6.056227,
cc-857,CaH2,-0.211980,-0.043260,4.591105,0.168720,5.131046,
cc-861,HOCl,-0.283970,-0.080720,5.530714,0.203250,5.887193,
cc-865,SeOCl2,-0.318650,-0.126400,5.231389,0.192250,5.695591,
cc-869,SiH4,-0.353010,0.051200,10.999114,0.404210,14.870508,
cc-873,C5H5NO,-0.247420,-0.068260,4.875192,0.179160,3.287677,
cc-877,C3H4O,-0.223850,-0.003390,5.999022,0.220460,5.528752,
cc-881,C4H6OS,-0.209280,0.014530,6.090180,0.223810,5.533235,
cc-885,PH4+,-0.699320,-0.220360,13.033166,0.478960,2.045437,
cc-889,C3H3+,-0.639970,-0.292440,9.456773,0.347530,7.145026,
cc-893,CNH2+,-0.648050,-0.423400,6.113038,0.224650,2.403239,
cc-897,H3CO3+,-0.623080,-0.255440,10.003994,0.367640,8.122816,
cc-901,HOCHCCHOH,-0.233550,0.015110,6.766383,0.248660,6.432554,
cc-905,HOCHNH,-0.276490,0.022770,8.143279,0.299260,6.662689,
cc-909,CH5N2O+,-0.499690,-0.194450,8.306004,0.305240,5.209367,
cc-913,CH2ClCH2OH2+,-0.466330,-0.235980,6.268143,0.230350,3.741584,
cc-917,FNO2,-0.358730,-0.101390,7.002578,0.257340,6.462842,
cc-921,NCl3,-0.295980,-0.139520,4.257493,0.156460,4.741692,
cc-925,O3,-0.335180,-0.184630,4.096674,0.150550,1.491431,
cc-929,H3BO3,-0.311890,0.060330,10.128622,0.372220,8.703716,
cc-933,GeCl2,-0.293340,-0.125760,4.560084,0.167580,4.114948,
cc-937,NO-,0.200630,0.262650,1.687650,0.062020,3.633317,
cc-941,BBr3,-0.287510,-0.074420,5.798474,0.213090,5.153020,
cc-945,S8,-0.274520,-0.105170,4.608248,0.169350,5.730949,
cc-949,C3O,-0.306530,-0.107240,5.422957,0.199290,5.015937,
cc-953,BC+,-0.576760,-0.515640,1.663160,0.061120,1.809000,
cc-957,LiK,-0.117550,-0.052090,1.781257,0.065460,1.176647,
cc-961,NO3+,-0.688460,-0.495630,5.247172,0.192830,2.528794,
cc-965,NaK,-0.116750,-0.053690,1.715950,0.063060,1.108330,
cc-969,C2,-0.318070,-0.251880,1.801122,0.066190,3.492620,
cc-973,C5H5-,0.041260,0.303330,7.131288,0.262070,6.961065,
cc-977,SiP+,-0.478970,-0.442280,0.998386,0.036690,2.090977,
cc-981,CO3--,0.310740,0.599660,7.861914,0.288920,0.201704,
cc-985,C6H7+,-0.475080,-0.314330,4.374230,0.160750,3.075680,
cc-989,Se2,-0.203560,-0.176380,0.739605,0.027180,8.778915,
cc-997,AlS-,-0.010870,0.140800,4.127151,0.151670,2.764270,
cc-1001,Na2Cl2,-0.384720,0.011870,10.791764,0.396590,6.725737,
cc-1005,SO2H+,-0.637460,-0.430820,5.622961,0.206640,9.964333,
cc-1009,NaLi,-0.132460,-0.053750,2.141808,0.078710,1.365872,
cc-1013,SiS,-0.288000,-0.093230,5.299962,0.194770,2.554902,
cc-1021,N3-,0.042400,0.318540,7.514152,0.276140,5.446429,
cc-1025,SeO,-0.215380,-0.176410,1.060428,0.038970,12.361403,
cc-1029,ClNO2,-0.331410,-0.126300,5.581327,0.205110,5.628243,
cc-1033,Fe(CO)5,-0.251170,-0.050360,5.464318,0.200810,4.740888,
cc-1037,SiH3Br,-0.293630,-0.014560,7.593882,0.279070,8.270766,
cc-1041,AlFCl2,-0.339540,-0.063950,7.499186,0.275590,7.447204,
cc-1045,SiH3F,-0.344670,0.002100,9.436092,0.346770,14.744782,
cc-1049,GaH,-0.212830,-0.072350,3.822656,0.140480,3.398855,
cc-1053,AlF,-0.252660,-0.048940,5.543504,0.203720,4.363277,
cc-1057,BeH+,-0.623660,-0.407740,5.875483,0.215920,2.150096,
cc-1061,ClO2F,-0.347590,-0.128420,5.963920,0.219170,6.686047,
cc-1065,ScF3,-0.371820,-0.090310,7.660277,0.281510,7.864417,
cc-1069,SiS2,-0.287520,-0.100060,5.101046,0.187460,5.028538,
cc-1073,SiH3+,-0.644930,-0.386770,7.024891,0.258160,6.827435,
cc-1077,BF,-0.269000,-0.023580,6.678218,0.245420,4.352305,
cc-1081,NH2-,0.163280,0.379070,5.871945,0.215790,12.877876,
cc-1085,NH,-0.255160,-0.185940,1.883572,0.069220,14.210852,
cc-1089,N2F2,-0.374540,-0.086470,7.838784,0.288070,4.225724,
cc-1093,AlF2Cl,-0.347870,-0.062050,7.777558,0.285820,7.784558,
cc-1097,BO2-,-0.007920,0.335660,9.349288,0.343580,9.050716,
cc-1101,HSSSH,-0.269180,-0.071620,5.375881,0.197560,7.681475,
cc-1105,HOClO,-0.250020,-0.092270,4.292596,0.157750,4.483332,
cc-1109,HSe-,0.052250,0.280700,6.216441,0.228450,9.282848,
cc-1113,B2F4,-0.344270,-0.075250,7.320407,0.269020,4.497915,
cc-1117,NF,-0.236050,-0.166980,1.879490,0.069070,4.085514,
cc-1121,HD,-0.433960,0.100090,14.532241,0.534050,19.253151,
cc-1125,HOF,-0.307780,-0.042470,7.219453,0.265310,7.922864,
cc-1129,MgH+,-0.526410,-0.344950,4.937778,0.181460,2.560386,
cc-1133,B2,-0.202810,-0.152040,1.381522,0.050770,1.066841,
cc-1137,PO+,-0.709400,-0.423580,7.777558,0.285820,5.946914,
cc-1141,AlH2-,0.040290,0.133150,2.526849,0.092860,2.722694,
cc-1145,C2H4O4,-0.301020,-0.014030,7.809396,0.286990,6.398961,
cc-1149,H2O3,-0.293150,0.006920,8.165321,0.300070,7.699247,
cc-1153,SiF3+,-0.727090,-0.370390,9.706301,0.356700,6.860545,
cc-1157,MgF-,0.032430,0.152280,3.261285,0.119850,7.460679,
cc-1161,ClO-,0.068260,0.243000,4.754918,0.174740,5.213448,
cc-1165,HSO4-,-0.055880,0.235330,7.924228,0.291210,11.394351,
cc-1169,N2H2,-0.247820,-0.056490,5.206355,0.191330,2.877263,
cc-1173,NH2F,-0.272050,0.045630,8.644513,0.317680,10.325533,
cc-1177,SF-,0.044850,0.213680,4.594098,0.168830,6.243156,
cc-1181,C5H7N,-0.265750,0.001480,7.271699,0.267230,6.114146,
cc-1185,CSe,-0.295940,-0.087740,5.665411,0.208200,2.807467,
cc-1189,PF6-,-0.156640,0.281260,11.915866,0.437900,18.958883,
cc-1193,BH4-,-0.032330,0.416230,12.205939,0.448560,13.132463,
cc-1197,PCl,-0.200420,-0.168040,0.881105,0.032380,7.844211,
cc-1201,B2H4,-0.301780,-0.054130,6.738900,0.247650,3.887265,
cc-1205,Cl3-,-0.096910,0.051260,4.031911,0.148170,2.811013,
cc-1209,C4H6(CH3)2,-0.283950,0.083480,9.998280,0.367430,14.318428,
cc-1213,AlH4-,-0.068910,0.241920,8.458115,0.310830,11.965172,
cc-1217,BP,-0.251590,-0.195240,1.533362,0.056350,0.115540,
cc-1221,HBO,-0.360150,0.016140,10.239373,0.376290,7.614340,
cc-1225,AlP,-0.211980,-0.176930,0.953759,0.035050,1.637716,
cc-1229,H5O2+,-0.599190,-0.187780,11.195036,0.411410,1.734993,
cc-1233,S2,-0.218420,-0.184620,0.919745,0.033800,2.309171,
cc-1237,C(CN)4,-0.395720,-0.073390,8.771046,0.322330,7.177976,
cc-1241,CH6N3+,-0.484150,-0.176700,8.366141,0.307450,7.884468,
cc-1245,Na2,-0.131360,-0.055620,2.060990,0.075740,1.210205,
cc-1249,H2POH,-0.256520,-0.005780,6.822983,0.250740,11.067429,
cc-1253,Li3N,-0.107570,-0.033830,2.006568,0.073740,5.187420,
cc-1257,H3+,-1.049820,-0.337860,19.373419,0.711960,16.377386,
cc-1262,C6H8,-0.226750,0.045770,7.415647,0.272520,6.068835,
cc-1266,Al2,-0.131210,-0.093580,1.023964,0.037630,0.256317,
cc-1270,ClOF,-0.306010,-0.121700,5.015331,0.184310,5.936181,
cc-1274,H2Br+,-0.622830,-0.312790,8.436618,0.310040,1.893860,
cc-1278,BeN+,-0.540750,-0.474320,1.807652,0.066430,3.772143,
cc-1282,AlGa,-0.129770,-0.092290,1.019883,0.037480,0.994952,
cc-1286,H3Se+,-0.634120,-0.270440,9.896237,0.363680,9.742988,
cc-1290,CH2SiH2,-0.227610,-0.037170,5.182136,0.190440,3.959439,
cc-1294,CH2BH,-0.222390,-0.044240,4.847708,0.178150,3.749020,
cc-1298,C4F4,-0.209420,-0.077060,3.601699,0.132360,2.409411,
cc-1303,CH2PH,-0.270280,-0.062420,5.656159,0.207860,4.022828,
cc-1307,ClONO,-0.319530,-0.121570,5.386766,0.197960,2.935962,
cc-1311,NNOH+,-0.685280,-0.361110,8.821115,0.324170,0.415065,
cc-1315,CH3SH2+,-0.590210,-0.234920,9.667933,0.355290,3.415474,
cc-1319,HNNO+,-0.664960,-0.390200,7.476600,0.274760,0.918986,
cc-1323,ZnCH2,-0.193180,-0.105410,2.388343,0.087770,1.769346,
cc-1327,(CH3)2NH2+,-0.604270,-0.168200,11.866069,0.436070,0.117928,
cc-1331,MgCO3,-0.224400,-0.157630,1.816904,0.066770,5.306826,
cc-1335,C4H6N+,-0.462990,-0.273160,5.165537,0.189830,2.576823,
cc-3,H2OCH3OH,-0.269090,0.055780,8.840163,0.324870,15.766266,
cc-7,H2OHCOOH,-0.281460,-0.011600,7.343265,0.269860,6.712921,
cc-11,NHCHNH2,-0.235810,0.038410,7.461906,0.274220,5.959815,
cc-15,CCl4,-0.324620,-0.077930,6.712777,0.246690,10.115780,
cc-19,C3H8O3,-0.258260,0.059080,8.635261,0.317340,13.808389,
cc-23,C3H8O2,-0.255920,0.057940,8.540566,0.313860,14.137740,
cc-27,C6H5NH2,-0.198140,0.009210,5.642281,0.207350,4.876825,
cc-31,CH3COOH,-0.275430,0.009770,7.760687,0.285200,6.883902,
cc-35,CH3COCH3,-0.244190,-0.011140,6.341614,0.233050,5.271081,
cc-39,C3H7NO,-0.242190,0.032210,7.466804,0.274400,5.672363,
cc-43,C4H10O,-0.261100,0.078000,9.227381,0.339100,15.078966,
cc-47,CH3COO-,0.009620,0.284320,7.474968,0.274700,6.525842,
cc-51,CH4,-0.389060,0.117900,13.795084,0.506960,21.282986,
cc-55,C2H4,-0.266600,0.018750,7.764769,0.285350,7.088786,
cc-59,HCN,-0.359170,0.020490,10.331075,0.379660,8.239653,
cc-63,CH2BrCl,-0.289520,-0.031570,7.019177,0.257950,9.287227,
cc-67,CH2CHCl,-0.262430,-0.001320,7.105165,0.261110,6.730436,
cc-71,CH3CHO,-0.255240,-0.021840,6.351138,0.233400,5.133018,
cc-75,CH2F2,-0.337570,0.107260,12.104441,0.444830,20.961170,
cc-79,CS2,-0.277760,-0.074940,5.519013,0.202820,5.051789,
cc-83,C2H4O,-0.267050,0.105550,10.138963,0.372600,9.987999,
cc-87,CHBrCl2,-0.297130,-0.061320,6.416717,0.235810,9.431702,
cc-91,CH3CHSHCH3,-0.233040,0.027300,7.084212,0.260340,10.108675,
cc-95,CH3CHF2,-0.329880,0.105900,11.858178,0.435780,17.941303,
cc-99,CHF2Cl,-0.333480,0.004950,9.209149,0.338430,12.583902,
cc-103,C3H6O,-0.262440,0.105770,10.019505,0.368210,9.770263,
cc-107,C(CH3)3NH2,-0.229460,0.068390,8.104911,0.297850,13.420313,
cc-111,CFCl3,-0.324420,-0.064380,7.076049,0.260040,11.378757,
cc-115,Si(CH3)4,-0.288560,0.075130,9.896509,0.363690,11.514224,
cc-119,CF3CH2Cl,-0.318260,0.001660,8.705467,0.319920,11.055022,
cc-123,CF2ClCF2Cl,-0.342610,-0.037770,8.295119,0.304840,10.724064,
cc-127,C5H8,-0.226120,-0.019120,5.632757,0.207000,4.693807,
cc-131,C4H10O,-0.259960,0.069830,8.974043,0.329790,14.772387,
cc-135,C3H10N2,-0.223940,0.065820,7.884771,0.289760,13.138439,
cc-139,CH2ClCHCl2,-0.311280,-0.026810,7.740823,0.284470,9.123817,
cc-143,CH2CHCONH2,-0.248660,-0.031360,5.913034,0.217300,4.981911,
cc-147,HOCH2COOH,-0.274700,-0.007120,7.281223,0.267580,6.606867,
cc-151,CF2CCl2,-0.258630,-0.011950,6.712505,0.246680,6.838405,
cc-155,C6H12O6,-0.246330,0.042910,7.870621,0.289240,12.706547,
cc-159,C6H14,-0.303170,0.085570,10.578154,0.388740,15.274609,
cc-163,NH(CH3)CONH(CH3),-0.239500,0.060430,8.161511,0.299930,6.309916,
cc-167,C4H6O2,-0.265190,0.012310,7.551160,0.277500,6.515009,
cc-171,CH3COC6H5,-0.247010,-0.054190,5.246899,0.192820,4.138352,
cc-175,C6H5CHO,-0.255180,-0.062880,5.232750,0.192300,4.017253,
cc-179,C9H12,-0.235070,0.005430,6.544338,0.240500,5.742194,
cc-183,CH3CH2CH2Br,-0.267210,0.004120,7.383265,0.271330,8.624068,
cc-187,CH2CHCHCH2,-0.229030,-0.022480,5.620512,0.206550,4.752590,
cc-191,C3H5Cl,-0.273820,-0.016720,6.996047,0.257100,6.304274,
cc-195,NH2CH2CH2CH3,-0.227760,0.082890,8.453217,0.310650,14.018385,
cc-199,CH2ClCHO,-0.277620,-0.051550,6.151678,0.226070,5.027400,
cc-203,CH3CHNOH,-0.248660,0.009710,7.030606,0.258370,5.165867,
cc-207,C4H6O2,-0.270460,-0.041110,6.240931,0.229350,5.059035,
cc-211,C3H3N3O3,-0.286220,-0.019640,7.254011,0.266580,6.533251,
cc-215,C6H13N,-0.226310,0.084100,8.446686,0.310410,13.362604,
cc-219,C5H5NO,-0.234690,-0.021520,5.800651,0.213170,4.655945,
cc-223,C(NH2)H2CH2CH2CH3,-0.227100,0.082850,8.434169,0.309950,13.869941,
cc-227,C3H8O2,-0.266510,0.096390,9.875012,0.362900,15.328832,
cc-231,CH2CHOCHCH2,-0.215350,0.019610,6.393587,0.234960,5.746564,
cc-235,C4H8O,-0.237380,0.087480,8.839891,0.324860,13.445757,
cc-239,C6H14,-0.304180,0.092760,10.801288,0.396940,15.253101,
cc-243,C4H10O2,-0.261230,0.073730,9.114726,0.334960,14.729033,
cc-247,C6H12,-0.291950,0.087750,10.332163,0.379700,15.042381,
cc-251,C3H6O3,-0.279070,0.093310,10.132976,0.372380,15.616804,
cc-255,C3H7OC3H7,-0.248560,0.089160,9.189829,0.337720,14.200533,
cc-259,CH2CHCH3,-0.249790,0.028270,7.566398,0.278060,6.584952,
cc-263,C2F4,-0.254210,0.029920,7.731571,0.284130,6.914837,
cc-267,C7H8,-0.216990,0.000160,5.908953,0.217150,5.699767,
cc-271,C5H12O,-0.260120,0.076300,9.154455,0.336420,14.700272,
cc-275,C4H8O2,-0.235550,0.095980,9.021391,0.331530,12.545304,
cc-279,NaOCH3,-0.155030,-0.062520,2.517325,0.092510,5.291724,
cc-283,C5H12O,-0.261060,0.076860,9.195272,0.337920,14.728230,
cc-287,C4H8O2,-0.266630,0.016520,7.704904,0.283150,6.639529,
cc-291,C5H10O,-0.242650,0.090080,9.054045,0.332730,13.633053,
cc-295,NaCN,-0.235510,-0.072040,4.448245,0.163470,4.186583,
cc-299,HNCNH,-0.282420,0.025870,8.388998,0.308290,7.048718,
cc-303,CHNCH2,-0.276420,-0.014110,7.137819,0.262310,5.077986,
cc-307,C4H6,-0.238160,0.099300,9.182754,0.337460,8.295759,
cc-311,C8H6,-0.188290,-0.092360,2.610388,0.095930,1.873289,
cc-315,C10H8,-0.190390,-0.067140,3.353803,0.123250,2.761023,
cc-319,C8H14,-0.276730,0.068980,9.407248,0.345710,14.152170,
cc-323,C6H10,-0.260380,0.091800,9.583306,0.352180,10.750268,
cc-327,C3H3NO,-0.268490,-0.015170,6.893188,0.253320,5.221386,
cc-331,C4H4N2,-0.254820,-0.042500,5.777522,0.212320,4.076094,
cc-335,C3H6S3,-0.230420,0.000630,6.287191,0.231050,9.538798,
cc-339,C8H16,-0.284970,0.079590,9.920183,0.364560,14.524525,
cc-343,CH2NN,-0.220760,-0.047060,4.726618,0.173700,3.153889,
cc-347,CF2O,-0.353650,-0.017960,9.134590,0.335690,9.391584,
cc-351,CF3CHF2,-0.359610,0.078920,11.933009,0.438530,19.961132,
cc-355,C6H4F2,-0.246370,-0.013340,6.341069,0.233030,5.380449,
cc-359,CFClCClF,-0.258130,-0.016100,6.585972,0.242030,6.574254,
cc-363,NH2CN,-0.272630,0.034760,8.364508,0.307390,6.731846,
cc-367,CF3PH2,-0.294020,-0.005640,7.847220,0.288380,12.473385,
cc-371,C4H2,-0.258090,-0.020630,6.461616,0.237460,6.484474,
cc-375,CH2CO,-0.240480,-0.035940,5.565817,0.204540,4.905721,
cc-379,Cl2CS,-0.266400,-0.113200,4.168784,0.153200,4.067987,
cc-383,C3H2O2,-0.286810,-0.051080,6.414540,0.235730,6.117263,
cc-387,C2H4N2O2,-0.244020,-0.034170,5.710309,0.209850,4.345075,
cc-391,CH3CCCH3,-0.240600,0.068200,8.402876,0.308800,8.166042,
cc-395,C3H8O2,-0.244560,0.055800,8.173212,0.300360,14.190683,
cc-399,C4H8O2,-0.260180,0.091750,9.576503,0.351930,13.862723,
cc-403,HCNO,-0.270850,0.021080,7.943820,0.291930,7.523443,
cc-407,CH2(SH)CH(CH3)CH3,-0.231920,0.028010,7.073056,0.259930,10.228430,
cc-411,C5H6O,-0.212540,0.023300,6.417533,0.235840,5.420411,
cc-415,CH2ClCH2CH3,-0.290430,0.026810,8.632540,0.317240,10.296265,
cc-419,CH3NHNHCH3,-0.215380,0.084570,8.162055,0.299950,10.977531,
cc-423,CH3CH(CH3)ONO,-0.267730,-0.072420,5.314656,0.195310,2.275122,
cc-427,C5H11Cl,-0.288080,0.028300,8.609138,0.316380,10.224632,
cc-431,Zn(CH3)2,-0.245490,0.004910,6.813731,0.250400,6.464974,
cc-435,CH3COF,-0.305520,-0.013670,7.941643,0.291850,7.088363,
cc-439,CH2CHCHClCH3,-0.269320,-0.014410,6.936454,0.254910,6.447453,
cc-443,C5H12O,-0.259750,0.068190,8.923702,0.327940,14.104336,
cc-447,C7H16,-0.299840,0.087580,10.542235,0.387420,15.066666,
cc-451,CH2ClCHCHCH3,-0.258440,-0.010830,6.737811,0.247610,5.967227,
cc-455,CH3F,-0.332500,0.105770,11.925934,0.438270,20.885380,
cc-459,CH2CHNH2,-0.200660,0.051300,6.856181,0.251960,6.075536,
cc-463,CH3SeCH3,-0.203280,0.028320,6.302157,0.231600,8.829880,
cc-467,P(CH3)3,-0.219840,0.064490,7.737013,0.284330,11.593739,
cc-471,(CH3)3CC(CH3)3,-0.293700,0.072590,9.967259,0.366290,14.149112,
cc-475,C4H10O,-0.245150,0.085320,8.992547,0.330470,13.838206,
cc-479,C6H12O2,-0.263150,0.015500,7.582453,0.278650,6.291071,
cc-483,C5H6S,-0.226760,-0.002620,6.099160,0.224140,5.013405,
cc-487,C2H4F2,-0.323110,0.094760,11.370822,0.417870,18.021809,
cc-491,CH3SSCH3,-0.237220,-0.022310,5.847999,0.214910,8.151592,
cc-495,C5H5NO,-0.251510,-0.010150,6.567740,0.241360,5.252209,
cc-499,CH2CHSCHCH2,-0.211520,-0.005880,5.595749,0.205640,5.258649,
cc-503,C4H9ClO,-0.264200,0.024360,7.852118,0.288560,9.865332,
cc-507,C5H9N,-0.315360,0.042700,9.743309,0.358060,7.470283,
cc-511,C6H6,-0.210150,0.021090,6.292361,0.231240,5.609392,
cc-515,CH2D2,-0.389050,0.117900,13.794812,0.506950,21.279848,
cc-519,C4F6,-0.234210,-0.033990,5.448264,0.200220,4.671036,
cc-523,CH3OOCH3,-0.242620,0.032260,7.479866,0.274880,6.333842,
cc-527,C4H5NS,-0.240450,-0.021560,5.956300,0.218890,4.598654,
cc-531,CH2FCH2Cl,-0.307080,0.012880,8.706555,0.319960,10.459112,
cc-535,C5H8O,-0.243080,-0.009930,6.344335,0.233150,5.113587,
cc-539,C6H6,-0.218950,-0.047130,4.675460,0.171820,4.207500,
cc-543,H2CS,-0.233280,-0.094610,3.773403,0.138670,2.711311,
cc-547,C6H10,-0.256930,0.063810,8.727780,0.320740,8.745729,
cc-551,C6H8,-0.210070,-0.010200,5.438740,0.199870,4.460565,
cc-555,C5H4O2,-0.247920,-0.062110,5.056148,0.185810,3.721780,
cc-559,C4H6OS,-0.250730,-0.016500,6.373723,0.234230,5.129107,
cc-563,CD3Cl,-0.296450,0.025800,8.768869,0.322250,11.057435,
cc-567,C4H4,-0.183200,-0.047510,3.692313,0.135690,2.965471,
cc-571,C6H10,-0.233340,0.030700,7.184894,0.264040,6.050505,
cc-575,C4H10S2,-0.237660,0.021240,7.045028,0.258900,9.964724,
cc-579,BeO,-0.256050,-0.151790,2.837059,0.104260,5.891412,
cc-583,MgO,-0.213060,-0.137090,2.067249,0.075970,5.559657,
cc-587,NaOH,-0.168950,-0.061770,2.916516,0.107180,6.860677,
cc-591,ZnS,-0.226800,-0.153580,1.992418,0.073220,2.614233,
cc-595,C5H8O,-0.198630,0.046090,6.659170,0.244720,5.871806,
cc-599,CHBrF2,-0.301620,-0.020520,7.649121,0.281100,10.680125,
cc-603,Si2H6,-0.298640,0.020160,8.674990,0.318800,10.263929,
cc-607,CH3CHFCl,-0.304340,0.016900,8.741386,0.321240,10.887940,
cc-611,C5H10S,-0.231320,0.029450,7.095913,0.260770,10.330378,
cc-615,C4H6S,-0.213710,0.015960,6.249639,0.229670,5.213039,
cc-619,CH2NCH3,-0.251920,-0.002010,6.800398,0.249910,4.888596,
cc-623,NCN,-0.293110,-0.237210,1.521116,0.055900,7.648322,
cc-627,C3H7+,-0.602020,-0.262180,9.247518,0.339840,5.061134,
cc-631,CH2NH,-0.267980,-0.009490,7.033871,0.258490,5.057276,
cc-635,HCCl,-0.246230,-0.121320,3.398974,0.124910,1.973454,
cc-639,C2H+,-0.658830,-0.645660,0.358374,0.013170,7.675907,
cc-643,CH3OO+,-0.615210,-0.503460,3.040872,0.111750,11.487468,
cc-647,CH2CClCH2CH3,-0.252300,0.009340,7.119587,0.261640,6.530275,
cc-651,CF3+,-0.780450,-0.397360,10.424410,0.383090,32.326916,
cc-655,C3H6S3,-0.227360,-0.065610,4.401442,0.161750,3.839995,
cc-659,NH2CH2NH2,-0.220400,0.070060,7.903819,0.290460,13.973312,
cc-663,LiCN,-0.254320,-0.058170,5.337513,0.196150,4.442868,
cc-667,CH2,-0.243540,-0.121450,3.322238,0.122090,0.846351,
cc-671,COHCl,-0.315850,-0.058240,7.009925,0.257610,5.808447,
cc-675,C6H8,-0.210010,-0.043060,4.542941,0.166950,3.630905,
cc-679,C2H3+,-0.606890,-0.414710,5.229484,0.192180,4.281409,
cc-683,HCCF,-0.280300,0.071480,9.572421,0.351780,9.707117,
cc-687,H2CCCCH2,-0.239950,-0.050500,5.155197,0.189450,4.264349,
cc-691,C3H3+,-0.553410,-0.409420,3.918168,0.143990,5.302667,
cc-695,C4H6,-0.233950,0.028950,7.153873,0.262900,6.241467,
cc-699,CCl3-,-9.262590,0.136500,255.762268,9.399090,6.522230,outlier
cc-703,CH+,-0.721640,-0.544520,4.819681,0.177120,2.529914,
cc-707,NF2+,-0.772100,-0.554150,5.930722,0.217950,18.631237,
cc-711,C8H6,-0.192250,-0.051460,3.831091,0.140790,3.145721,
cc-715,C2H4N4,-0.284140,-0.016330,7.287481,0.267810,4.471344,
cc-719,CH3NNCH3,-0.215870,-0.037270,4.859954,0.178600,2.706840,
cc-723,CBr2,-0.259480,-0.132340,3.459656,0.127140,1.286988,
cc-727,C5H7N,-0.308580,0.027620,9.148468,0.336200,7.025482,
cc-731,CH3CSCH3,-0.215950,-0.070500,3.957896,0.145450,3.383846,
cc-735,C5H12S,-0.212640,0.045160,7.015095,0.257800,9.931820,
cc-739,H2NO3+,-0.634890,-0.376800,7.022987,0.258090,8.349277,
cc-743,C4H5NO,-0.253810,-0.008810,6.666790,0.245000,5.007342,
cc-747,C4H6,-0.251980,0.015160,7.269250,0.267140,6.646032,
cc-751,C2H4O3,-0.258690,0.013250,7.399864,0.271940,6.779483,
cc-755,CH3CHS,-0.223880,-0.079130,3.938848,0.144750,3.101725,
cc-759,C6H10,-0.238970,0.026430,7.221902,0.265400,6.160810,
cc-766,SO3,-0.347610,-0.108630,6.502977,0.238980,5.846656,
cc-770,LiBr,-0.234260,-0.060610,4.725257,0.173650,5.854888,
cc-774,HClO4,-0.341000,-0.089070,6.855365,0.251930,8.608657,
cc-778,SiO2,-0.338640,-0.130170,5.672758,0.208470,7.154420,
cc-782,ZnCl2,-0.321480,-0.069560,6.855092,0.251920,7.402114,
cc-786,NaBr,-0.213440,-0.075690,3.748368,0.137750,5.612095,
cc-790,NH3,-0.252310,0.078610,9.004792,0.330920,15.907745,
cc-794,KH,-0.153400,-0.050110,2.810664,0.103290,4.901736,
cc-798,SOCl2,-0.322020,-0.128900,5.255063,0.193120,5.713615,
cc-802,COHBr,-0.301150,-0.060510,6.548148,0.240640,5.580255,
cc-806,KBr,-0.190020,-0.065100,3.399246,0.124920,6.097409,
cc-810,O2,-0.250160,-0.179270,1.929015,0.070890,3.896687,
cc-814,HN3,-0.275850,-0.035550,6.538896,0.240300,4.851457,
cc-818,H2S,-0.261530,0.019570,7.649121,0.281100,14.367112,
cc-822,F2O,-0.330560,-0.087770,6.606652,0.242790,7.915917,
cc-826,ZnF2,-0.342220,-0.060240,7.673067,0.281980,8.642488,
cc-830,GeF4,-0.433770,-0.074610,9.773241,0.359160,19.651123,
cc-834,SeF6,-0.431950,-0.143000,7.862730,0.288950,19.695694,
cc-838,AsF3,-0.337700,-0.028210,8.421652,0.309490,12.493354,
cc-842,BeCl2,-0.337780,-0.005690,9.036629,0.332090,7.666987,
cc-846,D2O,-0.291190,0.062610,9.627388,0.353800,17.680656,
cc-850,FNO,-0.336300,-0.124730,5.757113,0.211570,2.760625,
cc-854,SiBr4,-0.303650,-0.066360,6.456990,0.237290,6.058942,
cc-858,ClF,-0.328540,-0.121480,5.634390,0.207060,7.387934,
cc-862,HClO3,-0.320340,-0.092890,6.189230,0.227450,6.237355,
cc-866,SO2Cl2,-0.352840,-0.151370,5.482278,0.201470,9.646741,
cc-870,C5H5NO,-0.237180,-0.090480,3.991910,0.146700,2.639083,
cc-874,C5H5NO,-0.246160,-0.084970,4.386203,0.161190,3.057392,
cc-878,C4H6OS,-0.184710,0.019620,5.560103,0.204330,5.520522,
cc-882,C3H4O2,-0.253690,-0.059700,5.278737,0.193990,4.325235,
cc-886,C2O4--,0.211850,0.470630,7.041763,0.258780,2.417015,
cc-890,CuCH3,-0.197870,-0.061400,3.713538,0.136470,2.521827,
cc-894,BrOCl,-0.280850,-0.144320,3.715171,0.136530,4.537247,
cc-898,CH3OH2+,-0.626350,-0.235560,10.633938,0.390790,3.210775,
cc-902,Na2CO3,-0.168940,-0.045410,3.361423,0.123530,6.490031,
cc-906,HOCHNH,-0.276490,0.022770,8.143279,0.299260,6.662689,
cc-910,NH3COOH+,-0.539650,-0.225640,8.544647,0.314010,6.562228,
cc-914,NF3H+,-0.736500,-0.287070,12.229613,0.449430,1.555764,
cc-918,N2O,-0.342240,-0.019160,8.791455,0.323080,6.603238,
cc-922,Cl3PO,-0.339840,-0.105090,6.387873,0.234750,12.708553,
cc-926,HBr,-0.301150,-0.006550,8.016474,0.294600,9.308454,
cc-930,CaCl2,-0.285920,-0.092720,5.257240,0.193200,7.177094,
cc-934,SiO,-0.309030,-0.069630,6.514406,0.239400,5.208192,
cc-938,NO+,-0.920990,-0.502700,11.382251,0.418290,5.443498,
cc-942,BCl3,-0.322870,-0.068720,6.915774,0.254150,5.979838,
cc-946,SCl2,-0.262550,-0.116560,3.972590,0.145990,6.150679,
cc-950,SiF+,-0.647150,-0.372740,7.467076,0.274410,5.568589,
cc-954,Cl2H+,-0.584310,-0.428960,4.227289,0.155350,10.565285,
cc-958,MgS,-0.205210,-0.144180,1.660711,0.061030,4.407521,
cc-962,NS-,0.117440,0.167020,1.349141,0.049580,3.049144,
cc-966,Li2O,-0.151370,-0.026950,3.385641,0.124420,7.123580,
cc-970,CCO,-0.261540,-0.205560,1.523293,0.055980,7.127059,
cc-974,Li2S,-0.156920,-0.042040,3.126044,0.114880,4.754887,
cc-978,Ga2H6,-0.314950,-0.051710,7.163125,0.263240,5.806615,
cc-982,CO3,-0.352860,-0.147150,5.597654,0.205710,3.705307,
cc-990,As4,-0.245050,-0.039510,5.593028,0.205540,3.603287,
cc-994,H2F+,-0.864060,-0.331650,14.487614,0.532410,1.913744,
cc-998,AlS+,-0.496550,-0.446340,1.366284,0.050210,2.561959,
cc-1002,PS-,0.068720,0.098920,0.821784,0.030200,2.391752,
cc-1006,HCO2-,0.010630,0.304190,7.988175,0.293560,6.338496,
cc-1010,GeC,-0.241860,-0.195190,1.269955,0.046670,2.114985,
cc-1014,BO-,0.062370,0.320810,7.032511,0.258440,4.235736,
cc-1018,Ca2,-0.140620,-0.050530,2.451474,0.090090,1.812853,
cc-1022,S3,-0.271860,-0.174330,2.653927,0.097530,0.952127,
cc-1026,BH3CO,-0.336870,-0.057700,7.596603,0.279170,6.694990,
cc-1030,P2H4,-0.261490,-0.011840,6.793323,0.249650,8.103907,
cc-1034,Fe(CO)5,-0.251170,-0.050360,5.464318,0.200810,4.740888,
cc-1038,SiH3Cl,-0.317750,-0.012990,8.292942,0.304760,12.360799,
cc-1042,CuH,-0.191180,-0.071890,3.246046,0.119290,2.549251,
cc-1046,FNS,-0.278120,-0.151530,3.444689,0.126590,1.710349,
cc-1050,GaH3,-0.310970,-0.077970,6.340253,0.233000,5.045923,
cc-1054,BeF-,0.093600,0.249040,4.229738,0.155440,7.536292,
cc-1058,BeS,-0.238770,-0.152000,2.361132,0.086770,2.993500,
cc-1062,B2Cl4,-0.305400,-0.079650,6.142970,0.225750,4.934088,
cc-1066,SOF4,-0.365460,-0.091320,7.459729,0.274140,13.427168,
cc-1070,PH2-,0.076570,0.280630,5.552755,0.204060,11.331881,
cc-1074,GeH3+,-0.631040,-0.384170,6.717675,0.246870,4.849649,
cc-1078,SeO3,-0.345090,-0.140530,5.566361,0.204560,5.677302,
cc-1082,NH2+,-0.742550,-0.609190,3.628910,0.133360,10.452942,
cc-1086,SiH+,-0.560010,-0.396320,4.454232,0.163690,3.640890,
cc-1090,SF2,-0.250010,-0.063810,5.066760,0.186200,9.212201,
cc-1094,HPO,-0.262040,-0.119940,3.866738,0.142100,3.057439,
cc-1098,BO2+,-0.720140,-0.661590,1.593227,0.058550,8.756446,
cc-1102,F3NO,-0.390440,-0.071150,8.688324,0.319290,13.267059,
cc-1106,HOClO,-0.250020,-0.092270,4.292596,0.157750,4.483332,
cc-1110,HSe+,-0.567640,-0.541390,0.714299,0.026250,9.092157,
cc-1114,B2F4,-0.344270,-0.075250,7.320407,0.269020,4.497915,
cc-1118,PH,-0.207430,-0.174670,0.891445,0.032760,13.731565,
cc-1122,ScF,-0.175430,-0.105600,1.900171,0.069830,0.604010,
cc-1126,PO4---,0.448250,0.776500,8.932138,0.328250,13.561366,
cc-1130,DF,-0.376230,0.061650,11.915322,0.437880,25.645641,
cc-1134,B2,-0.202840,-0.152060,1.381794,0.050780,1.066841,
cc-1138,CaH+,-0.421690,-0.284680,3.728232,0.137010,1.757559,
cc-1142,AlH2+,-0.589850,-0.310950,7.589256,0.278900,6.825607,
cc-1146,ClONO2,-0.319460,-0.110430,5.687996,0.209030,5.369604,
cc-1150,ClO4-,-0.078650,0.243200,8.757985,0.321850,11.771027,
cc-1154,C9H8,-0.196250,-0.017520,4.863491,0.178730,4.414926,
cc-1158,MgF+,-0.556010,-0.379680,4.798184,0.176330,7.575259,
cc-1162,ClO+,-0.634030,-0.578840,1.501796,0.055190,11.861724,
cc-1166,HBNH,-0.288140,0.049740,9.194183,0.337880,7.481737,
cc-1170,N2H2,-0.241830,-0.053040,5.137238,0.188790,1.850925,
cc-1174,C4H10O,-0.261260,0.072230,9.074725,0.333490,14.149092,
cc-1178,SF+,-0.593410,-0.552410,1.115667,0.041000,13.195948,
cc-1182,C3H5OH,-0.254670,0.081570,9.149557,0.336240,11.454924,
cc-1186,C2H4N4,-0.283540,-0.017920,7.227888,0.265620,4.359949,
cc-1190,LiBH4,-0.292920,-0.053550,6.513590,0.239370,5.510184,
cc-1194,CH3NH3+,-0.629250,-0.187660,12.016276,0.441590,1.063956,
cc-1198,ClOO+,-7.60632,,,,3.329251,null_homo_lumo
cc-1202,FHF-,-0.008740,0.513750,14.217677,0.522490,0.545362,
cc-1206,N2H5+,-0.516890,-0.196960,8.705739,0.319930,3.247970,
cc-1210,C5H9N,-0.314480,0.037570,9.579769,0.352050,7.303877,
cc-1214,HOCH,-0.212700,-0.045680,4.544846,0.167020,2.182286,
cc-1218,C6H10,-0.216600,-0.013330,5.531258,0.203270,4.504602,
cc-1222,GeO,-0.299360,-0.079530,5.981879,0.219830,3.922070,
cc-1226,H2CSH+,-0.607810,-0.370230,6.464881,0.237580,11.653319,
cc-1230,FClO,-0.273180,-0.132960,3.815581,0.140220,4.641766,
cc-1234,ClO3-,-0.029290,0.268810,8.111714,0.298100,10.495177,
cc-1238,C6H6O,-0.237170,-0.070700,4.529879,0.166470,3.650647,
cc-1242,S2N2,-0.280880,-0.090200,5.188667,0.190680,2.266687,
cc-1246,K2,-0.106320,-0.051650,1.487646,0.054670,0.778927,
cc-1250,H2POH,-0.256520,-0.005780,6.822983,0.250740,11.067429,
cc-1254,C5H7N,-0.270300,-0.041550,6.224605,0.228750,4.897616,
cc-1258,C3H6O,-0.220500,0.045220,7.230610,0.265720,6.520337,
cc-1263,C4H5NO,-0.262630,-0.006690,6.964482,0.255940,5.291735,
cc-1267,ScH,-0.166150,-0.084960,2.209292,0.081190,0.697322,
cc-1271,NH2NO,-0.236400,-0.043160,5.258328,0.193240,2.684079,
cc-1275,NNH+,-0.811010,-0.388500,11.497083,0.422510,6.856143,
cc-1279,C2H6N2O2,-0.203480,-0.045900,4.287970,0.157580,3.397747,
cc-1283,NaAl,-0.127120,-0.069580,1.565743,0.057540,1.244714,
cc-1287,ScH3,-0.269760,-0.101600,4.575867,0.168160,4.235366,
cc-1291,HCCNH2,-0.216190,0.062220,7.575922,0.278410,7.552179,
cc-1295,NNS,-0.283260,-0.058380,6.119297,0.224880,4.793814,
cc-1299,ONNO,-0.211360,-0.125490,2.336642,0.085870,0.509073,
cc-1304,C2H4O2,-0.251630,0.050740,8.227907,0.302370,12.280262,
cc-1308,COH+,-0.699340,-0.369840,8.966152,0.329500,7.115780,
cc-1312,CH3BO,-0.334350,0.041430,10.225495,0.375780,7.991014,
cc-1316,BrONO,-0.292040,-0.110350,4.944037,0.181690,2.430012,
cc-1320,HNNO+,-0.664960,-0.390200,7.476600,0.274760,0.918986,
cc-1324,ZnCH2,-0.193180,-0.105410,2.388343,0.087770,1.769346,
cc-1328,CN2,-0.318200,-0.127120,5.199552,0.191080,1.707730,
cc-1332,BeCO3,-0.289900,-0.126240,4.453415,0.163660,5.859292,
cc-1336,C4H6N+,-0.484130,-0.279720,5.562279,0.204410,3.657286,
