jid,sk_gap,alignn_gap,dft_gap
cc-0,15.829794,3.341371774673462,8.828462153648347
cc-4,15.766266,4.798198699951172,7.563676920934824
cc-8,15.061323,4.259268760681152,9.264932789033994
cc-12,4.859433,4.408511161804199,6.160113618366763
cc-16,5.807926,3.9129860401153564,6.955230324474532
cc-20,6.923227,4.537420272827148,8.205049294752762
cc-24,6.386227,4.389926433563232,7.776469961378449
cc-28,5.576478,3.2818446159362793,5.398739031204019
cc-32,15.674402,5.113115310668945,9.246156932524263
cc-36,10.111527,4.810431003570557,7.240677766194946
cc-40,5.672363,3.2715048789978027,7.466804385899106
cc-44,15.078966,4.98347806930542,9.227381076014531
cc-48,6.525842,4.290013313293457,7.4749678017729035
cc-52,9.133884,4.2105913162231445,7.488573494895897
cc-56,9.538241,2.8596487045288086,9.098399105208546
cc-60,10.813309,3.8206214904785156,7.18761556301527
cc-64,16.496145,5.793730735778809,11.444020599612713
cc-68,7.106467,5.451602935791016,7.680957995655033
cc-72,10.491813,3.7119345664978027,7.158771493594522
cc-76,6.662689,4.83394193649292,7.741367273121125
cc-80,5.032707,3.7601680755615234,7.11795441422554
cc-84,5.506126,4.681799411773682,6.587604496291235
cc-88,15.948725,5.611824035644531,10.983331830468137
cc-92,10.177598,4.535555839538574,7.950894947215233
cc-96,7.63078,5.878029823303223,7.885315506362402
cc-100,23.424242,7.344473838806152,13.771138351369606
cc-104,10.984712,4.1756134033203125,6.219162326520556
cc-108,14.062349,4.526793003082275,8.852136059682355
cc-112,12.875922,5.449612617492676,7.9019144519724565
cc-116,12.557064,5.003288269042969,8.5228782861059
cc-120,4.39245,4.272919654846191,6.076846776454039
cc-124,12.072565,5.1473236083984375,9.154182447012822
cc-128,5.307025,2.123501777648926,5.924735127338966
cc-132,4.955163,3.646571636199951,6.179161588738955
cc-136,5.142672,3.887240409851074,6.359028851824935
cc-140,6.35146,3.911543130874634,6.307871445682478
cc-144,6.650516,4.34431791305542,7.793885248575883
cc-148,5.748833,3.1960277557373047,5.777793641610632
cc-152,3.958045,3.1255431175231934,4.947302133383078
cc-156,4.043107,2.628737211227417,4.828932603213031
cc-160,4.969082,3.716508626937866,6.247734282078844
cc-164,5.127232,4.163218975067139,6.223788262182375
cc-168,6.981719,5.226973056793213,8.93377021842032
cc-172,4.138352,2.7382688522338867,5.246899495951406
cc-176,5.127265,2.9444656372070312,5.964735865120569
cc-180,2.062196,2.271484375,3.8259209061859125
cc-184,15.905045,5.663761138916016,11.220343004670692
cc-188,4.75259,4.04378604888916,5.620511829108821
cc-192,8.97109,4.582418441772461,8.18137538871875
cc-196,12.852911,4.752689361572266,8.014841704893305
cc-200,5.0274,4.026702404022217,6.151678088630507
cc-204,6.663388,4.524639129638672,7.86653964985267
cc-208,5.646907,3.819176435470581,7.36693859837633
cc-212,5.504186,2.790750503540039,6.2398429800675075
cc-216,4.917091,3.461665153503418,6.05235652883265
cc-220,6.570864,5.202820301055908,7.497281138494613
cc-224,7.274295,4.181938171386719,9.63609609742927
cc-228,15.328832,5.266383171081543,9.875012068669045
cc-232,5.746564,4.057069778442383,6.39358731235734
cc-236,5.658483,3.9310812950134277,6.642299382645671
cc-240,9.877635,5.286014556884766,8.36750127064131
cc-244,10.310736,4.867570877075195,7.119314983537841
cc-248,6.135621,4.488953590393066,7.2833996426011485
cc-252,13.272652,4.782892227172852,8.11878920035298
cc-256,14.944001,5.608913898468018,10.532439160372114
cc-260,15.373041,4.756340980529785,9.366431259731527
cc-264,4.018634,2.783808946609497,5.586225482438876
cc-268,5.050593,3.6380813121795654,6.3769883667472875
cc-272,4.682746,3.4178781509399414,5.605273452811068
cc-276,14.770222,5.729331016540527,10.358286288397792
cc-280,9.211741,3.514371871948242,5.9690896869199275
cc-284,13.928619,4.623754024505615,8.514170642507185
cc-288,6.639529,4.582866668701172,7.7049040155515005
cc-292,15.076814,5.596848487854004,10.652985601441841
cc-296,3.878628,2.927311897277832,5.767453314837157
cc-300,9.41246,4.554444313049316,8.81839394073733
cc-304,5.927392,3.330659866333008,5.6621452500651825
cc-308,11.227226,4.350253105163574,10.065219658528502
cc-312,1.954738,1.820090889930725,2.7837248129645724
cc-316,12.083515,3.6882131099700928,9.145202689551647
cc-320,10.739656,4.378291130065918,6.834683883404805
cc-324,14.843719,5.4268999099731445,10.759382121663654
cc-328,5.759484,3.9478917121887207,7.030605864375919
cc-332,2.927578,3.3736162185668945,5.411256268877174
cc-336,14.875298,5.656545639038086,10.261685867224534
cc-340,3.173962,2.8389840126037598,4.783761702044691
cc-344,9.970127,3.804265022277832,6.8469290072155005
cc-348,10.083178,3.6181230545043945,5.407174560940276
cc-352,5.808562,4.445982456207275,7.5979632676047695
cc-356,9.635951,4.62723445892334,7.493199430557715
cc-360,5.804404,3.2941856384277344,6.522025055438403
cc-364,8.089789,3.470561981201172,8.520973489068682
cc-368,2.720844,2.8059024810791016,4.28660967533049
cc-372,5.957039,2.0582356452941895,7.493743658282634
cc-376,6.290009,2.6894850730895996,6.904617146056994
cc-380,7.457002,4.840287685394287,8.844516871533479
cc-384,5.870849,4.188409805297852,1.174171316514382
cc-392,13.206041,4.802299976348877,8.97431518392684
cc-396,5.586421,2.2189693450927734,6.072492954654683
cc-400,7.414985,3.3600733280181885,7.704631901689041
cc-404,7.523443,1.0555552244186401,7.943819986791276
cc-408,10.052252,3.4077558517456055,7.121764008299979
cc-412,5.023496,2.622190475463867,5.510849942537489
cc-416,6.346368,4.129606246948242,7.86926078847727
cc-420,10.246483,4.3107075691223145,7.062443186283725
cc-424,5.618183,2.95082426071167,6.196848989798847
cc-428,2.293502,2.292583703994751,5.323907719027551
cc-432,6.464974,3.5656192302703857,6.813731115995395
cc-436,9.315583,3.84563946723938,5.03546702482008
cc-440,6.431108,4.233506202697754,7.347074286416761
cc-444,15.039672,5.287006855010986,10.460601100682705
cc-448,6.2787,4.603076934814453,6.965298537385549
cc-452,5.967227,4.4506025314331055,6.737811348369088
cc-456,12.341877,4.060737609863281,7.760687357355778
cc-460,11.465878,5.91009521484375,8.853768742857115
cc-464,9.662119,3.93237042427063,7.646399535122627
cc-468,11.304403,5.033736228942871,10.18195650552379
cc-472,14.149112,4.681819915771484,9.967258668042945
cc-476,5.500455,3.3098292350769043,6.815091685307695
cc-480,5.98994,4.38748025894165,7.128294740999015
cc-484,5.947929,3.9758100509643555,7.444763163039856
cc-488,10.149367,4.0459885597229,6.958767804686511
cc-492,6.512517,4.300315856933594,8.089400903207313
cc-496,8.388067,4.4989423751831055,8.604784558706324
cc-500,14.779022,5.135638236999512,9.292416289142441
cc-504,5.761054,3.7978382110595703,6.847201121077961
cc-508,6.175893,4.6040143966674805,7.4189123461061675
cc-512,3.331597,1.6905094385147095,4.160893070874025
cc-516,11.873419,3.624094247817993,7.692931005603268
cc-520,5.440864,3.130056381225586,5.861060483523355
cc-524,8.358712,4.57020378112793,8.597437484419908
cc-528,5.584721,4.2076416015625,6.794138917898284
cc-532,8.051593,3.9223833084106445,8.263281661319175
cc-536,12.314982,4.332520008087158,7.561227896172685
cc-540,6.217891,4.429811477661133,7.36911550927601
cc-544,1.454855,1.8658175468444824,3.880343678677889
cc-548,5.992368,4.17482328414917,7.103532379515167
cc-552,5.555448,3.9157357215881348,6.623523526135939
cc-556,13.808308,5.120362281799316,9.93324443523546
cc-560,6.167907,1.603877067565918,6.913324789655711
cc-564,5.692116,3.270655393600464,5.748405344464965
cc-568,2.965471,3.7405967712402344,-0.0010884554498394757
cc-572,5.792794,4.758510589599609,7.387075024198362
cc-576,4.877044,3.363257884979248,6.015349043538106
cc-580,6.15676,2.8358240127563477,1.832142635942372
cc-584,7.08054,2.2893857955932617,5.520918155448505
cc-588,6.809966,0.9861804246902466,2.0321463248503835
cc-592,19.252857,7.938224792480469,14.532240824669891
cc-596,5.488977,3.205753803253174,6.570189209093802
cc-600,9.92805,3.768308639526367,7.05237497337271
cc-604,6.461329,2.845431089401245,6.633863852909414
cc-608,6.795516,4.972609996795654,7.559323099135466
cc-612,10.14547,3.98545503616333,7.044211557498913
cc-616,6.491343,4.230168342590332,8.076883665534156
cc-620,9.109006,3.663839101791382,6.703525001699144
cc-624,5.188421,4.029289722442627,5.214790060181138
cc-628,13.77796,5.747391700744629,5.1693470451503405
cc-632,3.40007,3.5293173789978027,9.137039273677852
cc-636,1.973454,4.098454475402832,3.398974255986361
cc-640,5.666596,3.0187878608703613,5.556020843705831
cc-644,15.547323,4.606975555419922,6.686109714501711
cc-648,14.992729,5.408026695251465,6.405560322305574
cc-652,6.716611,4.575863838195801,7.109246770626824
cc-656,7.1378,4.216418743133545,7.316053306096333
cc-660,4.220403,2.636254072189331,4.092864605259055
cc-664,4.442868,2.944786548614502,5.337513412150546
cc-668,13.427879,4.553792953491211,8.439883558055637
cc-672,10.193862,4.102354049682617,8.035250244577798
cc-676,0.174832,2.4350836277008057,2.4648073661615935
cc-680,4.281409,3.7291419506073,5.229484208753974
cc-684,6.45287,4.159979343414307,7.0088367553791295
cc-688,13.917545,4.472713470458984,9.093501055684271
cc-692,5.106566,3.1628432273864746,6.187052890750292
cc-696,5.52508,2.752734661102295,5.98568863252998
cc-700,5.418268,2.3030991554260254,5.181320055098575
cc-704,17.697281,3.811567783355713,6.873868279599028
cc-708,4.08611,3.5999155044555664,1.4734965652202503
cc-712,8.286077,4.66127872467041,7.75524508010658
cc-716,12.778321,5.551784992218018,8.49974860779681
cc-720,2.70684,3.721034288406372,4.859953583533457
cc-724,7.780659,2.927851676940918,7.434422836266381
cc-728,13.361473,4.047273635864258,7.865723308265291
cc-732,14.44635,4.991536617279053,10.216514966056195
cc-736,4.780504,3.9940195083618164,6.056166122907088
cc-740,5.258824,3.698908567428589,6.523113510888243
cc-744,4.512715,4.012149333953857,5.2447225850517265
cc-748,9.488067,3.4954299926757812,7.110879453801584
cc-752,7.693276,3.8403849601745605,7.604766114166266
cc-756,7.076865,2.8829445838928223,9.220034001728113
cc-767,7.232595,4.664595603942871,7.282855414876228
cc-771,5.392454,1.2370961904525757,5.2207765651552585
cc-775,6.338768,4.343169212341309,7.019177082152605
cc-779,10.993475,7.333263397216797,12.245668038419518
cc-783,7.402114,3.54622745513916,6.855092423089296
cc-787,19.836878,6.94965934753418,11.287010900973362
cc-791,8.93743,6.123578071594238,4.053680209064832
cc-795,7.195963,2.7439639568328857,6.232768019643551
cc-799,0.815949,2.239093780517578,6.1922230541370284
cc-803,3.481429,1.3418272733688354,3.874629287566232
cc-807,1.454489,1.100189208984375,3.1916234927919325
cc-811,5.830257,3.1779873371124268,4.662126805525124
cc-815,5.024279,3.230299234390259,6.5971284814773306
cc-819,8.171626,2.116903305053711,6.661347353017862
cc-823,11.108196,4.446361541748047,7.712251089837919
cc-827,9.956347,4.249061584472656,8.333214923971365
cc-831,12.526701,5.504502296447754,7.160948404494202
cc-835,10.372731,6.329663276672363,9.157992041087262
cc-839,19.937294,4.807842254638672,8.848054351745457
cc-843,11.791346,7.250511169433594,10.777341636586007
cc-847,13.748734,4.979249000549316,9.156903585637421
cc-851,5.795758,2.565791368484497,6.919855522354747
cc-855,10.391596,6.195821762084961,5.572075561590963
cc-859,7.680648,2.947779417037964,5.0063508415368725
cc-863,6.237355,3.735325574874878,6.1892298016499705
cc-867,9.381905,4.06610107421875,9.13867195685261
cc-871,2.47038,2.8174781799316406,4.368243834068454
cc-875,3.633838,2.769685983657837,4.496953691011977
cc-879,5.757189,3.1767077445983887,6.466513827496588
cc-883,4.477818,4.130497932434082,5.9794300136934035
cc-887,2.417015,2.87992000579834,7.041762532736775
cc-891,0.741809,2.485323905944824,2.3875270292229875
cc-895,5.975646,5.673557281494141,7.655107178721343
cc-899,8.923514,5.7969489097595215,9.716641800717396
cc-903,7.957853,4.722241401672363,8.384916557838743
cc-907,8.39065,4.481078147888184,9.45894997296789
cc-911,1.677605,5.428062915802002,9.035268689117855
cc-915,5.2958,5.094365119934082,11.434768728289077
cc-919,5.127308,3.3320093154907227,4.552192805091332
cc-923,14.472799,5.289048194885254,7.9533439719773735
cc-927,7.356262,3.7516064643859863,6.378076822197128
cc-931,5.744546,2.2202091217041016,5.01097677719869
cc-935,5.674958,2.421267032623291,6.28147640102387
cc-939,1.939229,2.3980870246887207,5.0664880051405055
cc-943,5.061258,4.557188987731934,7.125301488511958
cc-947,6.217205,5.7091193199157715,9.09132414478459
cc-951,7.096376,3.6382339000701904,7.179996374866393
cc-955,4.254889,1.8293640613555908,5.109481995409166
cc-959,5.916911,2.76273775100708,5.892081463843781
cc-963,4.669418,2.4758994579315186,7.307617776360076
cc-967,5.603313,3.027710199356079,6.016981726712866
cc-971,2.004479,2.0493710041046143,4.586207037898817
cc-975,4.754887,2.592146873474121,3.1260440519391017
cc-979,7.051739,2.7305638790130615,1.5570355209954334
cc-983,3.460324,3.924400568008423,5.243906243464347
cc-987,2.473537,2.8481979370117188,5.083359064613019
cc-991,0.574315,0.0780828595161438,2.2065713106871665
cc-995,0.588645,2.8763864040374756,5.049344831805533
cc-1003,2.641481,2.6755993366241455,5.802828116956941
cc-1007,4.552086,2.3836045265197754,5.566905398204225
cc-1011,6.86483,0.37504199147224426,1.4288698917768299
cc-1015,4.439846,4.100539207458496,3.2006032502531068
cc-1019,0.527065,0.6474243402481079,0.8000147556320474
cc-1023,0.475188,2.0106394290924072,0.7425987306530127
cc-1027,4.387147,5.290416717529297,7.7808237831778095
cc-1031,6.725686,3.6827383041381836,6.614815882537224
cc-1035,4.980526,2.071904182434082,3.4950304494346986
cc-1039,18.418175,5.815575122833252,9.843718974486158
cc-1043,5.007098,2.7045159339904785,4.804714469454101
cc-1047,0.430462,0.7840960025787354,9.004791936522349
cc-1051,3.000081,1.1390010118484497,4.317630655650917
cc-1055,7.741031,6.451471328735352,7.080130587343619
cc-1059,8.858267,3.3349051475524902,5.708404606683363
cc-1063,4.934088,4.236491680145264,6.142970445031791
cc-1067,7.029605,6.8018341064453125,10.280189609871806
cc-1071,11.9623,3.5447349548339844,3.758980896020782
cc-1075,2.620601,3.734544277191162,4.047421590228255
cc-1079,5.677302,2.3199398517608643,5.566361170479306
cc-1087,2.59046,4.150073051452637,7.114144820151102
cc-1091,4.00882,5.141626358032227,3.7641510594075203
cc-1095,4.367554,2.926162004470825,1.2353969355678551
cc-1099,10.036541,4.772334098815918,7.658916772795782
cc-1103,4.238788,1.5897159576416016,4.173682422409639
cc-1111,3.480557,3.6435859203338623,5.815889582355014
cc-1115,3.065906,3.370007038116455,6.135623370745375
cc-1119,3.42215,1.997068166732788,3.6822447868070958
cc-1123,5.99517,2.4803783893585205,6.906249829231755
cc-1127,1.511477,1.8257426023483276,3.7554434158088044
cc-1131,1.527905,0.08696462213993073,2.217727979048022
cc-1135,1.199396,4.704715728759766,2.768758550529279
cc-1139,3.205223,2.6034460067749023,4.673283473885979
cc-1143,5.19899,3.7902541160583496,7.037952938662335
cc-1147,4.461623,3.7192177772521973,5.48717603650348
cc-1151,17.625683,4.2845354080200195,16.75405051165481
cc-1155,26.024242,7.691257953643799,15.606818467523956
cc-1159,2.61259,3.9414873123168945,3.3304015626464714
cc-1163,4.676075,3.321460247039795,3.666734296646883
cc-1167,10.417041,2.8856074810028076,0.7453198692776112
cc-1171,4.944514,2.0179100036621094,4.538859225830798
cc-1175,6.681415,3.099541664123535,7.821640862546791
cc-1179,6.363187,4.288790225982666,7.042034646599235
cc-1183,4.378735,2.299771308898926,4.781312677282552
cc-1187,4.253619,3.9022011756896973,7.2224461374101345
cc-1191,5.351074,3.5491139888763428,7.382721202399004
cc-1195,4.890613,2.775413990020752,5.376425694482308
cc-1199,5.138267,4.432755947113037,6.342157792352423
cc-1203,16.724522,3.4476027488708496,10.635842428106871
cc-1207,2.707513,2.8143229484558105,5.078461015088739
cc-1211,7.666348,4.285519599914551,6.41644487680397
cc-1215,2.182286,3.5066120624542236,4.544845730804916
cc-1219,3.90033,2.7608275413513184,1.449278431461321
cc-1223,5.223809,4.11063289642334,7.20856833042468
cc-1227,1.574,2.2894906997680664,3.4811526424492443
cc-1231,8.468461,3.9475209712982178,9.685892934259428
cc-1235,2.144695,1.73447585105896,4.456136611642995
cc-1239,2.477026,1.553152084350586,3.4270019838197285
cc-1243,1.912766,0.7664210796356201,1.5404365753853813
cc-1247,3.418357,3.4756646156311035,4.901042776764898
cc-1251,4.982677,3.6794395446777344,6.170453945140239
cc-1255,5.344651,3.0721771717071533,6.62189084296118
cc-1259,2.834965,1.0314735174179077,3.499112157371597
cc-1264,8.654052,2.496530532836914,7.637691891523911
cc-1268,11.245924,4.592260360717773,8.54764064758975
cc-1272,1.560574,3.404430627822876,2.932026868005207
cc-1276,5.423197,3.8336944580078125,7.571840336808619
cc-1280,3.397747,2.8063549995422363,4.287970244642789
cc-1284,4.967842,2.4246368408203125,4.839000816124045
cc-1288,4.235366,0.3748069405555725,4.575866711125342
cc-1292,9.303535,3.8326711654663086,10.912310112366107
cc-1296,2.143708,4.798546314239502,11.506062560253564
cc-1300,0.509073,1.470832109451294,2.3366417369429895
cc-1305,12.280262,4.628652572631836,8.227906859199392
cc-1309,4.655945,3.3169140815734863,4.834374880462227
cc-1313,1.821525,0.026644811034202576,3.2329847998858336
cc-1317,2.430012,2.10260009765625,4.94403676703356
cc-1321,13.612931,5.969876289367676,6.916862269867688
cc-1325,9.294714,4.730656623840332,6.864072180550472
cc-1329,7.606064,4.52651309967041,8.86737443598011
cc-1333,1.801986,5.438774108886719,10.279101154421964
cc-1337,5.209367,4.794758319854736,8.404780869798312
cc-1,15.829794,3.341371774673462,8.828462153648347
cc-5,6.653658,4.4698638916015625,7.931302749118122
cc-9,6.020007,4.452487945556641,7.171016617405217
cc-13,7.296865,4.579290390014648,8.514986984094566
cc-17,5.970417,3.385878562927246,7.251290206830882
cc-21,6.923227,4.537420272827148,8.205049294752762
cc-25,14.535913,5.163640022277832,9.31364117041431
cc-29,15.13199,5.109833717346191,9.202074486805762
cc-33,14.542745,4.786288261413574,9.054316659490047
cc-37,13.079172,4.618664741516113,9.490787294875693
cc-41,10.472595,3.051764488220215,7.065164324908324
cc-45,15.112346,5.186415672302246,9.222755140352712
cc-49,8.385923,4.664791107177734,8.061373175373944
cc-53,17.659836,5.917901992797852,12.10498517152776
cc-57,11.059225,5.384143829345703,8.769413445494552
cc-61,9.240127,3.9843029975891113,6.593318887402891
cc-65,8.708006,3.92696213722229,8.747100108772843
cc-69,14.114214,4.921420097351074,8.45648250366569
cc-73,10.491813,3.7119345664978027,7.158771493594522
cc-77,6.662689,4.83394193649292,7.741367273121125
cc-81,10.441702,4.095762252807617,7.101083354753029
cc-85,9.299571,3.2434518337249756,5.64772321535481
cc-89,9.753117,5.174069404602051,8.55008967235189
cc-93,6.691016,3.8365137577056885,6.787336071336787
cc-97,11.395367,5.047418594360352,8.018923412830203
cc-101,0.884384,3.233243227005005,7.9288537243559825
cc-105,9.644604,3.60642147064209,5.907319840141535
cc-109,14.062349,4.526793003082275,8.852136059682355
cc-113,14.693325,6.198726177215576,9.283436531681266
cc-117,15.422348,4.8602495193481445,10.335700837813622
cc-121,5.811824,3.9948267936706543,7.4760562572227425
cc-125,22.787613,5.786915302276611,12.922143100494782
cc-129,14.092013,4.993926048278809,8.373487775615427
cc-133,9.675444,4.955905437469482,8.549817558489428
cc-137,5.142672,3.887240409851074,6.359028851824935
cc-141,4.801117,3.9376001358032227,5.932626429350304
cc-145,5.092937,3.7326347827911377,6.167188578790721
cc-149,6.809867,4.709676742553711,7.727217352273212
cc-153,4.937082,3.333700180053711,6.019158637612546
cc-157,4.666542,2.6146790981292725,5.371799758820491
cc-161,8.1946,4.526971340179443,7.156594582694844
cc-165,14.70066,5.231995582580566,10.579242744715215
cc-169,6.981719,5.226973056793213,8.93377021842032
cc-173,3.956033,1.3011984825134277,5.164176881763603
cc-177,5.477766,3.013063907623291,6.364199015211673
cc-181,7.091678,3.6811625957489014,6.814275343720314
cc-185,15.905045,5.663761138916016,11.220343004670692
cc-189,8.472954,4.13746976852417,8.5710424397613
cc-193,8.97109,4.582418441772461,8.18137538871875
cc-197,6.374074,4.28414249420166,7.289930375300184
cc-201,2.599185,3.2563443183898926,4.224567714689637
cc-205,15.27211,5.330531120300293,10.662781700490397
cc-209,3.990932,3.173116445541382,4.956554004706714
cc-213,5.73094,3.2155344486236572,6.549780669409311
cc-217,5.259686,2.895296335220337,5.992763592953938
cc-221,6.570864,5.202820301055908,7.497281138494613
cc-225,7.411164,3.7825257778167725,9.071187718962559
cc-229,13.187407,4.900420188903809,8.248587512746342
cc-233,6.633533,4.854717254638672,7.8409609467814425
cc-237,9.245137,4.358817100524902,6.7840707049872675
cc-241,7.164232,4.233666896820068,9.604803003246385
cc-245,13.997082,4.703762054443359,9.162617976749079
cc-249,4.560089,3.206237316131592,6.262428430651679
cc-253,13.272652,4.782892227172852,8.11878920035298
cc-257,14.84141,5.707828521728516,10.435838739198857
cc-261,6.340438,4.640901565551758,7.365033801339112
cc-265,5.000676,3.2804229259490967,6.019430751475005
cc-269,6.042394,4.481886863708496,7.749258575132464
cc-273,5.039574,4.134881973266602,6.3571240547877155
cc-277,9.939668,5.024420261383057,10.881289132045682
cc-281,6.162963,3.6826791763305664,6.025689370311582
cc-285,13.928619,4.623754024505615,8.514170642507185
cc-289,5.993548,4.957660675048828,7.2395893107451075
cc-293,4.186583,3.2609975337982178,4.448245309631658
cc-297,5.321976,3.206298828125,6.180522158051255
cc-301,6.470846,4.129600524902344,6.666517516404601
cc-305,3.082603,2.544706106185913,5.7859570574844295
cc-309,10.2185,4.741620063781738,9.512556403872484
cc-313,3.494849,2.313483953475952,4.147831605475951
cc-317,14.488275,4.514014720916748,9.898413860840593
cc-321,10.739656,4.378291130065918,6.834683883404805
cc-325,8.061261,3.8281309604644775,6.086914989365056
cc-329,5.533091,3.9831273555755615,6.84366364086598
cc-333,4.336022,3.320781707763672,6.029771078248481
cc-337,14.524525,5.531250953674316,9.920182969837384
cc-341,11.237989,4.086165428161621,8.574035692248358
cc-345,17.510866,6.073009490966797,11.533818174224473
cc-349,11.228138,4.144161224365234,6.80366290308438
cc-353,7.010118,5.368524551391602,7.645311079672788
cc-357,9.681364,5.827764511108398,8.442604696680238
cc-361,0.151259,1.6394259929656982,1.3828826490211101
cc-365,6.765176,3.8706727027893066,6.363110559761833
cc-369,2.720844,2.8059024810791016,4.28660967533049
cc-373,3.259284,2.4563913345336914,5.123904030119541
cc-377,15.554079,5.266355514526367,9.63745666674157
cc-381,7.457002,4.840287685394287,8.844516871533479
cc-385,5.870849,4.188409805297852,1.174171316514382
cc-393,13.206041,4.802299976348877,8.97431518392684
cc-397,5.586421,2.2189693450927734,6.072492954654683
cc-401,8.053402,3.4628748893737793,8.744106856285784
cc-405,9.546472,4.373824596405029,8.314711181324093
cc-409,13.663585,4.938626289367676,8.975947867101603
cc-413,4.907669,3.333568572998047,5.993579934541316
cc-417,9.362066,3.0081329345703125,6.567740184331664
cc-421,6.524711,4.202954292297363,7.545717406012471
cc-425,4.789204,3.2226357460021973,5.678744195675235
cc-429,2.293502,2.292583465576172,5.323907719027551
cc-433,4.889485,3.132113456726074,5.905415043104315
cc-437,21.282986,6.2452192306518555,13.795084371266078
cc-441,5.697202,4.284414291381836,6.941896745213999
cc-445,6.183216,4.929289817810059,7.386802910335903
cc-449,6.294648,3.9411516189575195,7.322311924932911
cc-453,6.567294,5.230113983154297,7.490478291933117
cc-457,8.449062,2.165487289428711,7.347346400279219
cc-461,7.154124,4.043322563171387,9.00179868403529
cc-465,6.185177,3.2156965732574463,5.921469760989448
cc-469,10.139187,4.10521125793457,7.780279555452889
cc-473,6.121382,3.4793543815612793,7.246120043444145
cc-477,14.258308,4.751833915710449,9.09132414478459
cc-481,8.636777,4.670961380004883,8.013753249443464
cc-485,6.207209,4.997990608215332,7.381904860811625
cc-489,4.585196,3.8091304302215576,6.19113459868719
cc-493,5.280149,3.122788429260254,6.793050462448445
cc-497,6.239264,4.907444477081299,7.316053306096333
cc-501,10.147107,4.526466369628906,6.98407439389528
cc-505,3.144606,2.569295883178711,4.295045205066746
cc-509,13.014429,5.137145042419434,9.511740062285106
cc-513,6.100045,3.558506488800049,6.8393098190666235
cc-517,21.258984,6.541915416717529,13.792635346503936
cc-521,9.717227,3.4369897842407227,8.710092623478298
cc-525,6.019602,4.783795356750488,7.014006918765866
cc-529,5.748823,3.9083058834075928,6.784070704987268
cc-533,4.271124,3.420322895050049,5.2934309664320445
cc-537,19.530642,6.415386199951172,11.65273193211944
cc-541,3.900405,2.6395721435546875,4.17368242240964
cc-545,10.110786,4.810339450836182,7.2414941077823265
cc-549,6.881141,4.653067588806152,7.579187411095037
cc-553,3.13231,2.5786004066467285,4.212594704741402
cc-557,13.559566,4.730697154998779,8.377569483552325
cc-561,4.807311,1.3086402416229248,5.704595012608925
cc-565,2.965471,3.7405967712402344,3.6923129997181117
cc-569,6.330848,4.825198173522949,7.049381720885651
cc-573,9.60994,4.635705471038818,8.29593532481436
cc-577,5.981014,4.4566426277160645,6.715225897784919
cc-581,8.843997,2.911038398742676,5.841740399288703
cc-585,7.147447,3.1541194915771484,2.42535085610491
cc-589,6.809966,0.9861804246902466,2.0321463248503835
cc-593,4.491934,5.0563154220581055,5.80500502785662
cc-597,17.773029,6.853796005249023,11.124014697359893
cc-601,5.131643,3.1914331912994385,5.7927599040459254
cc-605,3.016907,3.506497859954834,3.806056594226342
cc-609,6.759814,5.214062690734863,7.472790890873225
cc-613,3.10625,4.362944602966309,4.773693489133674
cc-617,6.491343,4.230167388916016,8.076883665534156
cc-621,10.968777,5.456238746643066,11.901171888545312
cc-625,5.139429,1.8812661170959473,5.775344616848494
cc-629,4.769337,5.626131534576416,9.078806907111435
cc-633,3.4129,3.540454864501953,2.157318701581929
cc-637,7.797744,2.5550696849823,8.564239593199803
cc-641,5.666596,3.0187878608703613,5.556020843705831
cc-645,2.94519,2.948056221008301,5.280641614896432
cc-649,17.471634,5.213247776031494,8.242601007772224
cc-653,6.671621,4.45345401763916,7.00475504744223
cc-657,10.647393,4.637328147888184,8.028991625741218
cc-661,14.350616,4.653808116912842,10.170255609438016
cc-665,4.442868,2.944786548614502,5.337513412150546
cc-669,15.638287,5.978027820587158,9.218945546278276
cc-673,2.360407,4.498111248016357,4.1989890116184085
cc-677,0.174832,2.4350836277008057,2.4648073661615935
cc-681,3.190903,2.1887998580932617,4.267017477233377
cc-685,5.873914,1.8219490051269531,6.21154313837168
cc-689,5.324423,3.6048991680145264,5.887183414319503
cc-693,6.733362,3.5982401371002197,7.833885986357486
cc-697,11.213394,4.694090843200684,9.416228096561687
cc-701,5.526082,3.903095006942749,6.3312732378540275
cc-705,7.54652,2.6928069591522217,5.231933233516113
cc-709,5.446642,3.6555631160736084,8.75580775237156
cc-713,6.228868,4.705129623413086,7.314148509059113
cc-717,9.963292,3.998525857925415,6.852915512189618
cc-721,4.06431,3.1213395595550537,6.2912725000724254
cc-725,7.780659,2.927851676940918,7.434422836266381
cc-729,6.150429,3.928194999694824,6.993870492943836
cc-733,6.139386,4.076517105102539,6.934549670927582
cc-737,4.329176,3.748237371444702,5.401188055966158
cc-741,6.919995,4.369426727294922,8.720160836389313
cc-745,14.453054,4.764041423797607,9.134862362778172
cc-749,4.226617,2.659813404083252,3.958712471066334
cc-753,6.242496,3.6849000453948975,8.335936062595964
cc-757,13.05842,4.249319553375244,8.611315291405363
cc-764,2.148186,2.3339834213256836,4.42048969566075
cc-768,6.658995,4.5181779861450195,3.6612920193976852
cc-772,8.798879,2.700989246368408,7.2300653255590115
cc-776,6.429702,4.667102336883545,6.933733329340203
cc-780,6.295696,4.692808151245117,7.247208498893984
cc-784,18.311333,4.191004753112793,9.2926884030049
cc-788,14.852968,4.862813472747803,8.762066371208135
cc-792,6.20226,4.856784820556641,7.314148509059115
cc-796,6.13782,2.920605421066284,6.838765591341703
cc-800,7.299807,3.5435492992401123,7.997698531558333
cc-804,4.766768,5.998213291168213,10.959385810571668
cc-808,19.253151,7.93824577331543,14.532240824669891
cc-812,11.234667,4.762906074523926,10.875302627071564
cc-816,10.38611,4.567287445068359,8.123687249877257
cc-820,12.683516,3.3574535846710205,7.033871230725437
cc-824,5.488308,2.387669563293457,6.707062481911121
cc-828,2.042455,2.211697578430176,10.096240638848926
cc-832,19.912878,6.476337432861328,12.097365983378884
cc-836,6.392032,3.463329553604126,6.41971024315349
cc-840,8.56622,2.903097629547119,8.221104012637896
cc-844,5.90562,4.141470909118652,7.836335011119624
cc-848,9.333309,5.6044840812683105,3.5320379347292423
cc-852,8.880465,3.5344631671905518,5.993035706816397
cc-856,5.131046,2.557922840118408,4.591105087423095
cc-860,7.680648,2.947779655456543,5.0063508415368725
cc-864,4.5377,1.9992420673370361,4.093408832983975
cc-868,14.724119,3.852247714996338,8.373759889477887
cc-872,2.373677,3.026488780975342,4.033271669380341
cc-876,5.252209,2.872030735015869,5.548945883281872
cc-880,5.88035,2.995081901550293,5.8994285381301985
cc-884,3.160101,3.8025619983673096,4.108919323144188
cc-892,2.711684,4.075712203979492,5.607178249848288
cc-896,8.690333,4.315124988555908,7.908989412396411
cc-900,8.923514,5.7969489097595215,9.716641800717396
cc-904,6.662689,4.83394193649292,8.143279447974368
cc-908,0.82246,4.641820907592773,7.865995422127752
cc-912,3.007732,3.570683479309082,5.724459324568495
cc-916,10.525702,5.7423272132873535,6.263788999963977
cc-920,13.369926,5.338316917419434,8.43444128080644
cc-924,11.279556,3.011422634124756,4.119803877642584
cc-928,2.867151,3.2611584663391113,1.9540496463243977
cc-932,11.314207,2.557016134262085,4.714916894842341
cc-936,5.674958,2.421267032623291,6.28147640102387
cc-940,7.723272,2.8370280265808105,9.348199630946716
cc-944,9.417775,5.027017593383789,9.083160728910793
cc-948,6.209539,2.913905143737793,6.206917202709862
cc-952,2.499902,1.5788085460662842,1.523837629775328
cc-956,4.647024,2.0943801403045654,4.977234658253664
cc-960,2.528794,2.3967716693878174,5.247171609813864
cc-964,0.465935,2.309178352355957,5.376153580619849
cc-968,3.589157,1.6165823936462402,0.917023716489795
cc-972,2.004479,2.0493710041046143,4.586207037898817
cc-976,1.469456,2.477261543273926,4.333685373536049
cc-980,6.794927,1.741661787033081,2.2041222859250267
cc-984,6.484376,3.8352441787719727,5.9957568454409955
cc-988,4.135983,3.2967529296875,6.376172025159908
cc-992,3.257987,2.918912410736084,1.607920813275431
cc-996,0.807332,3.3607354164123535,2.194870414601391
cc-1000,3.152125,2.2548844814300537,4.757366657386083
cc-1004,4.379192,1.6547715663909912,4.902403346077198
cc-1008,4.370927,2.2763595581054688,1.4737686790827127
cc-1012,7.20396,1.7751271724700928,4.156539249074665
cc-1016,4.362806,5.423980712890625,7.594697901255251
cc-1020,2.023931,0.06831856071949005,3.071077051722206
cc-1024,7.757018,2.189781427383423,0.6797404284247802
cc-1028,2.429311,1.8997271060943604,3.757892440570943
cc-1032,2.177233,5.20909309387207,4.046877362503336
cc-1036,8.098147,3.0378077030181885,5.833576983414908
cc-1040,2.360015,0.8853583335876465,3.2411482157596305
cc-1044,14.37591,3.1825368404388428,7.651297584646906
cc-1048,2.149403,3.877286195755005,4.470558646353368
cc-1052,3.039738,4.109925746917725,5.044991010006175
cc-1056,2.255723,2.550723075866699,2.739370253383612
cc-1060,8.858267,3.3349051475524902,5.708404606683363
cc-1064,8.395152,3.137324094772339,6.18950191551243
cc-1068,12.586203,7.0301361083984375,9.805623033741774
cc-1072,10.642153,3.7092130184173584,6.169637603552859
cc-1076,6.002666,3.1820764541625977,8.060012606061646
cc-1080,5.887193,2.9047117233276367,5.5307142544970604
cc-1084,10.440336,5.168133735656738,8.021916665317262
cc-1088,11.63703,4.560108184814453,5.785957057484428
cc-1092,3.186872,4.894025802612305,4.737230231564052
cc-1096,16.238686,5.165543556213379,8.127224730089237
cc-1100,7.681475,2.7444040775299072,5.375881466757388
cc-1104,6.816694,2.1877598762512207,4.861314152845756
cc-1108,16.008793,3.2556262016296387,7.118226528088002
cc-1112,13.580997,4.840848922729492,8.322058255610509
cc-1116,4.296582,2.9267773628234863,5.9394292759118
cc-1120,17.818041,4.183651924133301,12.8813260211258
cc-1124,5.99517,2.4803783893585205,6.906249829231755
cc-1128,2.770806,2.466881275177002,2.4245345145175303
cc-1132,2.338855,0.01866142451763153,2.9518911799647785
cc-1136,4.835527,5.629199028015137,9.266021244483833
cc-1140,4.269824,2.662761688232422,2.200856919575511
cc-1144,5.523703,4.133307456970215,7.36965973700093
cc-1148,6.576479,2.4747579097747803,3.6980273908297683
cc-1152,14.342928,4.828118324279785,9.984946069102834
cc-1156,17.679348,4.162271499633789,9.627116339968094
cc-1160,5.677706,4.2187819480896,3.5437388308150157
cc-1164,10.827511,3.371344804763794,0.9842358405173839
cc-1168,4.113337,1.9299848079681396,3.5265956574800446
cc-1172,4.152458,3.0504043102264404,5.196286317533868
cc-1176,11.456844,4.295865058898926,0.9417860779736447
cc-1180,6.367568,4.712593078613281,6.9832580523078995
cc-1184,4.371877,2.552508592605591,4.727706246377955
cc-1188,8.43546,2.9162936210632324,5.246083154364026
cc-1192,1.14677,3.312173366546631,6.006913513801851
cc-1196,1.496171,3.2765629291534424,3.271080740630217
cc-1200,4.762481,3.222586154937744,6.589509293328454
cc-1204,6.314486,5.384308338165283,9.124522036004695
cc-1208,14.318428,4.495858669281006,9.99827964836337
cc-1212,5.449729,5.256386756896973,8.135932373687952
cc-1216,2.54419,3.1578104496002197,5.007711410849172
cc-1220,4.28838,3.950456142425537,5.2790089317216715
cc-1224,5.223809,4.11063289642334,7.20856833042468
cc-1228,4.479196,1.5999481678009033,3.461832558214594
cc-1232,5.747017,3.5535051822662354,7.427075761979963
cc-1236,1.524556,2.04986834526062,1.5883286151783196
cc-1240,7.884468,4.467491149902344,8.36614070132901
cc-1244,17.577522,4.755462646484375,8.305187196137997
cc-1248,3.418357,3.4756646156311035,4.901042776764898
cc-1252,5.18742,1.5558186769485474,2.006567621779155
cc-1256,2.916133,2.062710762023926,5.981062696868161
cc-1261,8.349037,3.3229928016662598,5.756840874201221
cc-1265,5.069225,1.9924770593643188,1.6770377343402405
cc-1269,9.707558,4.932709693908691,8.182191730306132
cc-1273,5.776762,3.5554161071777344,7.530479029714717
cc-1277,4.077046,3.0866875648498535,1.6247918727479436
cc-1281,14.647012,3.334348678588867,5.714935339382399
cc-1285,3.069706,3.924487829208374,10.178419025311811
cc-1289,0.936302,3.1604561805725098,6.233312247368471
cc-1293,4.778784,0.7914266586303711,4.163069981773704
cc-1297,2.409411,3.8109543323516846,3.601699083518971
cc-1301,3.881862,3.1924610137939453,4.960091484918692
cc-1306,6.409457,4.454675674438477,7.930486407530742
cc-1314,6.982604,1.0332022905349731,8.09620374976881
cc-1318,2.72865,2.578078269958496,5.683642245199513
cc-1322,4.147429,1.672513723373413,4.734236979076992
cc-1326,1.97507,2.2500860691070557,4.759271454423301
cc-1330,4.703137,4.1679511070251465,5.902149676754798
cc-1334,7.778144,2.0639305114746094,8.754991410784179
cc-2,4.831962,4.468100070953369,6.086914989365056
cc-6,6.676465,4.185238838195801,7.680141654067652
cc-10,8.359492,3.319776773452759,6.363382673624294
cc-14,14.303179,4.923997402191162,12.200497137251178
cc-18,5.501966,3.2324929237365723,6.316579089281194
cc-22,6.923227,4.537420272827148,8.205049294752762
cc-26,6.618494,4.51673698425293,7.57374513384584
cc-30,6.720956,4.820217132568359,7.918241283720047
cc-34,5.271081,4.3760552406311035,6.341613564627503
cc-38,9.382834,3.6698989868164062,6.997680087018273
cc-42,15.176781,5.1061553955078125,9.22819741760191
cc-46,6.06212,3.2970468997955322,6.800397536734861
cc-50,10.510954,3.755486011505127,7.157683038144683
cc-54,17.659836,5.917901992797852,12.10498517152776
cc-58,14.600607,4.493870258331299,8.521789830656061
cc-62,8.557665,3.7971277236938477,7.414014296581891
cc-66,10.271893,4.806610107421875,8.689684083793807
cc-70,8.013959,5.186820030212402,9.880454345918242
cc-74,10.470279,4.711781024932861,7.990079343409456
cc-78,7.449073,3.9956307411193848,8.300017032751258
cc-82,11.953392,5.6795759201049805,10.700605527372321
cc-86,8.153217,4.147693634033203,7.28040639011409
cc-90,13.79678,4.946945667266846,8.32124191402313
cc-94,6.31759,3.7981672286987305,7.037136597074957
cc-98,6.981335,3.1949775218963623,7.110879453801584
cc-102,4.578322,3.008288860321045,6.127732068734037
cc-106,12.2267,5.136846542358398,7.622997742951078
cc-110,12.299258,5.562869071960449,8.97431518392684
cc-114,32.290028,7.535510063171387,16.530645030575247
cc-118,5.055584,3.577425003051758,6.050451731795431
cc-122,10.558577,4.634852886199951,7.713067431425298
cc-126,20.022295,5.535672664642334,11.434496614426616
cc-130,7.403469,4.389396667480469,9.631198047904991
cc-134,8.709879,4.479868412017822,8.018651298967743
cc-138,2.667651,2.6733829975128174,4.270827071307816
cc-142,6.494651,4.544127464294434,7.554425049611187
cc-146,6.606867,3.4973998069763184,7.281222731701468
cc-150,14.914705,5.289223670959473,10.49788069983971
cc-154,3.083732,2.4730746746063232,3.455846053240476
cc-158,5.537873,2.9930601119995117,6.1873250046127515
cc-162,5.036783,3.462878465652466,6.372906658810389
cc-166,14.169598,4.775182723999023,9.010778441496466
cc-170,5.974366,3.5945188999176025,6.698354838312405
cc-174,5.799202,3.210907459259033,6.557399857558188
cc-178,1.18121,1.8189339637756348,3.948644258155319
cc-182,7.091678,3.6811625957489014,6.814275343720314
cc-186,6.638255,5.185506343841553,7.505988782093329
cc-190,4.020452,3.318610668182373,5.228123639441675
cc-194,10.192969,4.576192855834961,8.20722620565244
cc-198,7.984741,3.2148494720458984,7.7658575207425145
cc-202,5.165867,2.835786819458008,7.030605864375919
cc-206,14.149148,4.177748680114746,8.823836217986528
cc-210,5.057194,3.080235242843628,6.279571603986651
cc-214,5.649171,3.245741844177246,6.364471129074133
cc-218,4.381253,3.026942014694214,5.788678196109027
cc-222,10.238943,5.257691383361816,8.622199845903756
cc-226,10.230946,4.28158712387085,6.805839813984059
cc-230,6.414734,5.099047660827637,6.98434650775774
cc-234,6.016335,3.425067663192749,6.87060291324951
cc-238,5.140567,2.9347124099731445,6.128820524183878
cc-242,7.037963,3.756701946258545,9.197992778868864
cc-246,15.042381,5.681588649749756,10.332163357601642
cc-250,6.143395,4.445794105529785,6.933461215477743
cc-254,14.200533,4.6457905769348145,9.189829362995068
cc-258,6.560431,4.05124044418335,7.7277615799981305
cc-262,6.305454,4.4679059982299805,6.968563903735066
cc-266,13.14328,4.695896148681641,8.060012606061646
cc-270,6.042394,4.481886863708496,7.749258575132464
cc-274,12.968311,4.801809310913086,8.081509601195975
cc-278,13.685318,4.72003698348999,8.214029052213938
cc-282,3.037618,1.8690404891967773,3.8466015597328633
cc-286,5.028024,3.533921241760254,6.436037074901082
cc-290,6.617485,4.461236000061035,7.785177604977167
cc-294,4.186583,3.2609975337982178,4.448245309631658
cc-298,4.795649,3.4990909099578857,3.3592456320672186
cc-302,6.445739,4.148423194885254,6.550052783271771
cc-306,4.74138,3.6181182861328125,6.616720679574441
cc-310,3.312603,0.6960306167602539,4.038169718904618
cc-314,2.761023,2.084517240524292,3.353803354818021
cc-318,14.15217,4.888053894042969,9.40724833910051
cc-322,13.829439,4.7569427490234375,9.324797838775167
cc-326,5.366779,3.341165781021118,7.273331429690131
cc-330,4.587286,4.098881244659424,7.343808920067241
cc-334,1.452371,2.634397268295288,3.6727208016210002
cc-338,14.524525,5.531250953674316,9.920182969837384
cc-342,6.538003,4.390522480010986,6.791962006998605
cc-346,8.019261,4.124768257141113,8.032801219815658
cc-350,7.237921,4.492384910583496,9.680994884735151
cc-354,18.491854,6.619603157043457,11.340073104153038
cc-358,8.029764,5.6106085777282715,7.2453037018567645
cc-362,6.731846,4.227869510650635,8.36450801815425
cc-366,19.551437,6.635560989379883,13.073438408022474
cc-370,6.484474,1.9529392719268799,6.46161577797231
cc-374,6.746107,3.8671646118164062,7.717149139362197
cc-378,6.889199,3.688025712966919,7.375646241975046
cc-382,8.60061,4.641406059265137,9.018397629645342
cc-386,10.255865,4.89810848236084,8.036882927752556
cc-390,13.12767,5.399026870727539,9.380309066716983
cc-394,14.190683,4.721090316772461,8.173211972844955
cc-398,13.862723,5.196155548095703,9.576503161550557
cc-402,4.644185,1.955366849899292,4.7671627564346375
cc-406,5.952656,4.386261940002441,7.174281983754736
cc-410,5.420411,3.8458445072174072,6.417533332253809
cc-414,10.296265,4.959808349609375,8.632540172677233
cc-418,14.846684,5.326812744140625,9.349560200259017
cc-422,7.265875,4.55076789855957,8.078244234846458
cc-426,4.604788,4.057158470153809,5.48935294740316
cc-430,6.464974,3.5656192302703857,6.813731115995395
cc-434,6.684027,4.265082359313965,7.350339652766277
cc-438,20.877895,6.492007255554199,11.92675059161654
cc-442,6.483482,3.9481041431427,7.540275128763275
cc-446,6.358714,3.8760712146759033,7.36938762313847
cc-450,6.455669,3.6210174560546875,7.465443816586807
cc-454,6.296658,4.625967025756836,7.212105810636659
cc-458,8.947153,2.473872661590576,8.170490834220356
cc-462,5.50544,3.7697770595550537,5.306220317967659
cc-466,10.04208,3.9467082023620605,6.938631378864479
cc-470,12.256508,4.264694690704346,9.359628413170034
cc-474,6.55744,4.539702892303467,8.114435378553623
cc-478,6.099129,3.7037813663482666,7.841505174506361
cc-482,9.081259,4.5041046142578125,7.252106548418262
cc-486,18.021809,6.501828193664551,11.370821970611006
cc-490,2.537291,3.015218496322632,5.560918893230109
cc-494,5.064141,2.972698211669922,6.382974871721405
cc-498,4.955131,3.3108558654785156,6.200930697735744
cc-502,14.631922,5.1417083740234375,9.299763363428857
cc-506,5.548564,4.504396438598633,9.515277542497083
cc-510,13.014429,5.137145042419434,9.511740062285106
cc-514,21.258984,6.541915416717529,13.792635346503936
cc-518,4.671036,3.937976837158203,5.448263754171718
cc-522,6.333842,4.030093669891357,7.479865851297181
cc-526,5.823098,4.190248489379883,7.088021889354954
cc-530,5.648073,4.072730541229248,6.612638971637543
cc-534,10.942793,4.725015640258789,8.765059623695194
cc-538,3.625085,3.806523561477661,4.486341250376042
cc-542,5.596368,3.727567434310913,6.546787416922252
cc-546,5.239257,4.450977325439453,3.437886538318124
cc-550,6.588861,4.430780410766602,7.495376341457395
cc-554,3.72178,3.243257522583008,5.05614767836703
cc-558,4.389967,2.8689827919006348,5.4458147294095784
cc-562,12.883902,4.881585121154785,9.937598257034816
cc-566,2.965471,3.7405967712402344,-0.0010884554498394757
cc-570,5.319297,3.4180197715759277,5.903238132204637
cc-574,4.946788,4.058055400848389,6.203923950222803
cc-578,0.658216,0.9473094940185547,0.604637002385853
cc-582,8.843997,2.911038398742676,5.841740399288703
cc-586,6.884515,3.8604931831359863,4.502668082123634
cc-590,4.952887,1.70986008644104,2.5399107922005193
cc-594,11.502058,4.426822662353516,9.958278910581768
cc-598,9.287221,4.355351448059082,10.490261511690832
cc-602,4.501689,4.435149669647217,5.488808719678239
cc-606,10.015877,4.070909023284912,7.050742290197951
cc-610,13.503755,4.71470832824707,8.852680287407276
cc-614,5.714148,4.384857654571533,6.760941026678178
cc-618,5.985911,4.616000175476074,7.2033981670379434
cc-622,10.169996,4.130303859710693,7.07441619623196
cc-626,4.519919,4.526602268218994,5.5105778286750295
cc-630,4.769337,5.626131534576416,9.078806907111435
cc-634,9.786158,3.77681303024292,7.031694319825758
cc-638,7.675907,2.5253827571868896,0.35837395685966233
cc-642,11.487468,0.8421010971069336,3.040872412989159
cc-646,3.017705,5.313675880432129,5.976164647343884
cc-650,13.533224,6.019528388977051,9.467385502704145
cc-654,8.826754,2.7998926639556885,5.575885155665401
cc-658,13.973312,4.2730536460876465,7.903819249009674
cc-662,14.350616,4.653807640075684,10.170255609438016
cc-666,0.846351,4.197556018829346,3.322238146772675
cc-670,0.842732,4.337359428405762,10.22413415420507
cc-674,8.919542,4.671233177185059,12.007296294904666
cc-678,4.939672,2.935779571533203,5.828134706165709
cc-682,15.28915,5.107706069946289,9.081528045736036
cc-686,5.873914,1.8219490051269531,6.21154313837168
cc-690,5.324423,3.6048991680145264,5.887183414319503
cc-694,6.759404,3.2424705028533936,7.703543446239203
cc-698,5.032294,-0.05911017209291458,5.142135658904352
cc-702,3.974189,2.892880439758301,4.613146310282345
cc-706,9.288286,4.015186309814453,8.00205235335769
cc-710,5.347766,3.2650256156921387,6.429234228339584
cc-714,6.228868,4.705129623413086,7.314148509059113
cc-718,1.805081,3.933899164199829,5.265403238598678
cc-722,4.161571,3.4244065284729004,5.279553159446592
cc-726,3.721473,3.889981985092163,6.826792581393469
cc-730,9.244266,3.8960845470428467,6.782438021812509
cc-734,4.537129,3.446061849594116,5.543775719895135
cc-738,4.344081,4.20195198059082,5.4153379768140715
cc-742,3.753908,2.86301851272583,4.920090747137091
cc-746,4.307071,3.8586461544036865,5.382684313318886
cc-750,5.401491,4.479428768157959,8.172395631257576
cc-754,5.226123,3.0937001705169678,6.421615040190707
cc-758,5.9473,3.6146931648254395,6.764206393027696
cc-765,3.210599,3.564035415649414,5.364996912258993
cc-769,6.2939,4.733678817749023,5.1045839458848885
cc-773,4.80843,2.4613733291625977,4.068646471500126
cc-777,9.422529,4.433844566345215,6.498623263266853
cc-781,5.280338,2.352592945098877,3.487683375148282
cc-785,6.666319,4.396864891052246,4.01150256038355
cc-789,25.648834,7.014805793762207,11.915866037118144
cc-793,6.20226,4.856784820556641,7.314148509059115
cc-797,18.311333,4.191004753112793,9.2926884030049
cc-801,7.299807,3.5435492992401123,7.997698531558333
cc-805,17.679848,4.1623854637146,9.627116339968094
cc-809,9.331145,3.9282679557800293,7.205302964075163
cc-813,2.284516,1.552240252494812,5.575613041802941
cc-817,10.38611,4.567287445068359,8.123687249877257
cc-821,11.080499,5.584310054779053,7.507621465268088
cc-825,8.642488,3.824227809906006,7.673066693643696
cc-829,0.911223,3.384881019592285,8.667914974797018
cc-833,8.099638,4.283815383911133,8.678255301570491
cc-837,7.579177,3.2410950660705566,6.182154841226014
cc-841,8.278927,4.924922943115234,6.4656974859092085
cc-845,7.670252,2.775435447692871,4.593281998322774
cc-849,9.073875,5.746191501617432,5.844189424050843
cc-853,6.056227,2.4985408782958984,5.223225589917396
cc-857,5.131046,2.55792236328125,4.591105087423095
cc-861,5.887193,2.9047117233276367,5.5307142544970604
cc-865,5.695591,2.290598154067993,5.2313890057911925
cc-869,14.870508,5.260847091674805,10.99911443449081
cc-873,3.287677,3.343362808227539,4.875191959831209
cc-877,5.528752,3.6886584758758545,5.999022211790514
cc-881,5.533235,3.36448335647583,6.0901803557145735
cc-885,2.045437,5.665119647979736,13.033165556378414
cc-889,7.145026,3.861060857772827,9.45677306206821
cc-893,2.403239,2.7822206020355225,6.113037920161204
cc-897,8.122816,4.782593727111816,10.003994039475026
cc-901,6.432554,3.6019294261932373,6.766383303927376
cc-905,6.662689,4.83394193649292,8.143279447974368
cc-909,5.209367,4.7947587966918945,8.306003537725378
cc-913,3.741584,5.022724151611328,6.268142821763337
cc-917,6.462842,3.175844192504883,7.002578136542552
cc-921,4.741692,2.665709972381592,4.257493492047283
cc-925,1.491431,1.951168417930603,4.096674199333493
cc-929,8.703716,4.870035171508789,10.128622188481653
cc-933,4.114948,3.198688507080078,4.560084107102668
cc-937,3.633317,1.8188725709915161,1.6876501749761754
cc-941,5.15302,3.415320634841919,5.7984742951575825
cc-945,5.730949,3.240633726119995,4.608248260758067
cc-949,5.015937,2.0632762908935547,5.422957164962949
cc-953,1.809,1.7413690090179443,1.6631599273547881
cc-957,1.176647,0.07261469960212708,1.7812573436623744
cc-961,2.528794,2.3967716693878174,5.247171609813864
cc-965,1.10833,0.030757196247577667,1.7159500166720034
cc-969,3.49262,2.431192398071289,1.8011216556219465
cc-973,6.961065,3.756173610687256,7.131287993486074
cc-977,2.090977,2.1019067764282227,0.9983857613652997
cc-981,0.201704,4.533324718475342,7.861913714190852
cc-985,3.07568,3.463809013366699,4.374230339042571
cc-989,8.778915,2.1229922771453857,0.7396054781659533
cc-997,2.76427,2.4800500869750977,4.127150951929
cc-1001,6.725737,4.623761177062988,10.79176367129638
cc-1005,9.964333,2.9469614028930664,5.6229608538709615
cc-1009,1.365872,0.09126894176006317,2.1418082114217154
cc-1013,2.554902,2.2249393463134766,5.2999616991310825
cc-1021,5.446429,4.9573259353637695,7.5141521979671255
cc-1025,12.361403,1.8982481956481934,1.0604277220061518
cc-1029,5.628243,1.8428374528884888,5.581327432914598
cc-1033,4.740888,2.7421367168426514,5.46431847205685
cc-1037,8.270766,4.3576555252075195,7.593881559667871
cc-1041,7.447204,5.395263195037842,7.499185935531833
cc-1045,14.744782,5.802401542663574,9.436092408521258
cc-1049,3.398855,1.6884466409683228,3.822655539836394
cc-1053,4.363277,5.180263519287109,5.543503606032676
cc-1057,2.150096,1.8405709266662598,5.875482518233729
cc-1061,6.686047,3.02516770362854,5.96391952353319
cc-1065,7.864417,4.769814491271973,7.660277342108081
cc-1069,5.028538,2.5441582202911377,5.101046465672911
cc-1073,6.827435,4.132238388061523,7.024891473264262
cc-1077,4.352305,5.273590087890625,6.678218412490375
cc-1081,12.877876,3.514024257659912,5.87194503802175
cc-1085,14.210852,3.5135889053344727,1.8835721559472893
cc-1089,4.225724,3.520112991333008,7.838784035881763
cc-1093,7.784558,5.7476582527160645,7.77755841682829
cc-1097,9.050716,4.084562301635742,9.349288086396557
cc-1101,7.681475,2.7444040775299072,5.375881466757388
cc-1105,4.483332,2.330759286880493,4.292596180304606
cc-1109,9.282848,1.9452670812606812,6.216441187895959
cc-1113,4.497915,5.6933746337890625,7.320407127895693
cc-1117,4.085514,3.2358152866363525,1.8794904480103916
cc-1121,19.253151,7.93824577331543,14.532240824669891
cc-1125,7.922864,3.5277583599090576,7.219452884923076
cc-1129,2.560386,2.488612174987793,4.937778148196984
cc-1133,1.066841,1.3123292922973633,1.3815220797088101
cc-1137,5.946914,3.7234020233154297,7.77755841682829
cc-1141,2.722694,2.8940539360046387,2.5268493268024455
cc-1145,6.398961,4.606386184692383,7.809395738736097
cc-1149,7.699247,3.1634535789489746,8.16532067083362
cc-1153,6.860545,5.69833517074585,9.70630147394392
cc-1157,7.460679,4.630526542663574,3.2612846415816614
cc-1161,5.213448,2.182734489440918,4.754917632623943
cc-1165,11.394351,4.841714382171631,7.924227788694166
cc-1169,2.877263,3.0695807933807373,5.206354530444884
cc-1173,10.325533,4.124359130859375,8.644513182625468
cc-1177,6.243156,3.1660685539245605,4.594098339910154
cc-1181,6.114146,3.825531482696533,7.271698746515372
cc-1185,2.807467,1.9082523584365845,5.665410616414701
cc-1189,18.958883,7.124971389770508,11.915866037118144
cc-1193,13.132463,6.429703712463379,12.205939414500376
cc-1197,7.844211,3.49368953704834,0.8811046866450912
cc-1201,3.887265,4.255926609039307,6.738899803818928
cc-1205,2.811013,2.376642942428589,4.031911100068042
cc-1209,14.318428,4.495858192443848,9.99827964836337
cc-1213,11.965172,4.52169132232666,8.45811518684045
cc-1217,0.11554,2.033581018447876,1.5333616149614233
cc-1221,7.61434,4.501461505889893,10.239372530502825
cc-1225,1.637716,2.0789856910705566,0.9537590879218794
cc-1229,1.734993,4.569363117218018,11.195036415461923
cc-1233,2.309171,3.078731060028076,0.9197448551143943
cc-1237,7.177976,4.234196662902832,8.771046128669312
cc-1241,7.884468,4.467491149902344,8.36614070132901
cc-1245,1.210205,0.054380908608436584,2.060990394271131
cc-1249,11.067429,4.769110679626465,6.8229829873190315
cc-1253,5.18742,1.5558186769485474,2.006567621779155
cc-1257,16.377386,4.146637439727783,19.373418551693614
cc-1262,6.068835,4.370798110961914,7.415646979756649
cc-1266,0.256317,1.8531866073608398,1.0239644644365282
cc-1270,5.936181,2.143099784851074,5.015330598998048
cc-1274,1.89386,2.94059419631958,8.436618191706119
cc-1278,3.772143,2.778714179992676,1.807652388320981
cc-1282,0.994952,0.9765342473983765,1.0198827564996302
cc-1286,9.742988,2.6964194774627686,9.896236949940915
cc-1290,3.959439,3.9088902473449707,5.182136396685954
cc-1294,3.74902,3.456108570098877,4.847708459722762
cc-1298,2.409411,3.8109543323516846,3.601699083518971
cc-1303,4.022828,2.9872419834136963,5.656158745091066
cc-1307,2.935962,2.449978828430176,5.3867660212557835
cc-1311,0.415065,3.155907392501831,8.82111507936193
cc-1315,3.415474,4.324479103088379,9.667933419337077
cc-1319,0.918986,3.2341055870056152,7.476600484947663
cc-1323,1.769346,2.465108871459961,2.3883433708103663
cc-1327,0.117928,5.079855918884277,11.866069200287985
cc-1331,5.306826,3.351071834564209,1.8169042596446185
cc-1335,2.576823,3.784669876098633,5.165537451075902
cc-3,15.766266,4.798198699951172,8.840163049734121
cc-7,6.712921,3.872143030166626,7.343264692342321
cc-11,5.959815,4.294356346130371,7.461906336374829
cc-15,10.11578,4.52982234954834,6.71277687302278
cc-19,13.808389,4.253891944885254,8.635261311301832
cc-23,14.13774,4.59370231628418,8.540565687165792
cc-27,4.876825,3.0753555297851562,5.642280938105611
cc-31,6.883902,4.637312889099121,7.760687357355778
cc-35,5.271081,4.3760552406311035,6.341613564627503
cc-39,5.672363,3.2715048789978027,7.466804385899106
cc-43,15.078966,4.98347806930542,9.227381076014531
cc-47,6.525842,4.290013313293457,7.4749678017729035
cc-51,21.282986,6.2452192306518555,13.795084371266078
cc-55,7.088786,5.409212589263916,7.7647690652926755
cc-59,8.239653,4.049839973449707,10.331074902151803
cc-63,9.287227,4.191834926605225,7.019177082152605
cc-67,6.730436,4.297357082366943,7.1051650626899265
cc-71,5.133018,4.362723350524902,6.3511375498136
cc-75,20.96117,7.053699016571045,12.10444094380284
cc-79,5.051789,3.065359592437744,5.519013358411286
cc-83,9.987999,4.715353012084961,10.13896251525513
cc-87,9.431702,4.215508460998535,6.416716990666431
cc-91,10.108675,3.671995162963867,7.084212295280516
cc-95,17.941303,6.5725836753845215,11.85817789827665
cc-99,12.583902,6.073770046234131,9.209149447229718
cc-103,9.770263,4.365291595458984,10.019504529635242
cc-107,13.420313,4.535785675048828,8.104911393367525
cc-111,11.378757,4.934283256530762,7.076048879406719
cc-115,11.514224,4.800168037414551,9.896509063803375
cc-119,11.055022,5.503182411193848,8.70546668781648
cc-123,10.724064,5.23350715637207,8.295118983226981
cc-127,4.693807,4.15750789642334,5.632756952919515
cc-131,14.772387,5.0983781814575195,8.974043070064383
cc-135,13.138439,4.10958194732666,7.884771278637483
cc-139,9.123817,4.308938026428223,7.740823045396206
cc-143,4.981911,3.85945725440979,5.913034231253192
cc-147,6.606867,3.4973998069763184,7.281222731701468
cc-151,6.838405,4.642899036407471,6.71250475916032
cc-155,12.706547,3.21870493888855,7.8706213577895685
cc-159,15.274609,5.361513137817383,10.578154289265374
cc-163,6.309916,4.369720458984375,8.16151107675918
cc-167,6.515009,4.481231212615967,7.551159683261669
cc-171,4.138352,2.7382688522338867,5.246899495951406
cc-175,4.017253,2.750688076019287,5.232749575103493
cc-179,5.742194,3.6101059913635254,6.544338392160114
cc-183,8.624068,4.145087242126465,7.383265430123924
cc-187,4.75259,4.04378604888916,5.620511829108821
cc-191,6.304274,4.660661697387695,6.996047403843514
cc-195,14.018385,5.2661943435668945,8.453217137316171
cc-199,5.0274,4.026702404022217,6.151678088630507
cc-203,5.165867,2.835786819458008,7.030605864375919
cc-207,5.059035,3.401066303253174,6.240931435517346
cc-211,6.533251,3.9122567176818848,7.25401134545548
cc-215,13.362604,5.299496173858643,8.446686404617136
cc-219,4.655945,3.3169140815734863,5.800651206057261
cc-223,13.869941,5.284963607788086,8.434169166943981
cc-227,15.328832,5.266383171081543,9.875012068669045
cc-231,5.746564,4.057069778442383,6.39358731235734
cc-235,13.445757,5.095154762268066,8.839890935871662
cc-239,15.253101,5.589189052581787,10.801287656482478
cc-243,14.729033,4.781820297241211,9.114725936956141
cc-247,15.042381,5.681588649749756,10.332163357601642
cc-251,15.616804,5.212759494781494,10.132976010281011
cc-255,14.200533,4.645790100097656,9.189829362995068
cc-259,6.584952,5.1976799964904785,7.566398059559424
cc-263,6.914837,5.1169962882995605,7.73157117407257
cc-267,5.699767,3.6286845207214355,5.908952523316294
cc-271,14.700272,5.037464618682861,9.154454560875283
cc-275,12.545304,4.387624263763428,9.021390882132401
cc-279,5.291724,4.487915992736816,2.5173253416163495
cc-283,14.72823,4.805894374847412,9.195271640244265
cc-287,6.639529,4.582866668701172,7.7049040155515005
cc-291,13.633053,4.876147270202637,9.054044545627587
cc-295,4.186583,3.2609975337982178,4.448245309631658
cc-299,7.048718,4.546141624450684,8.38899826577564
cc-303,5.077986,4.520496368408203,7.137818726185111
cc-307,8.295759,4.586935997009277,9.18275440257111
cc-311,1.873289,3.0603580474853516,2.6103882825776292
cc-315,2.761023,2.084517240524292,3.353803354818021
cc-319,14.15217,4.888054370880127,9.40724833910051
cc-323,10.750268,4.4924468994140625,9.583306008112054
cc-327,5.221386,3.243988037109375,6.89318836383368
cc-331,4.076094,3.5987818241119385,5.7775215277481715
cc-335,9.538798,3.299598455429077,6.287190792135528
cc-339,14.524525,5.531250953674316,9.920182969837384
cc-343,3.153889,2.453152656555176,4.726617790928116
cc-347,9.391584,5.4193315505981445,9.134590248915712
cc-351,19.961132,6.313999176025391,11.933009210453116
cc-355,5.380449,3.340944766998291,6.341069336902584
cc-359,6.574254,4.386574745178223,6.585971813116476
cc-363,6.731846,4.227869510650635,8.36450801815425
cc-367,12.473385,5.454619407653809,7.84721956561802
cc-371,6.484474,1.9529392719268799,6.46161577797231
cc-375,4.905721,3.041452646255493,5.5658169427543855
cc-379,4.067987,2.94028377532959,4.168784372885362
cc-383,6.117263,3.531707763671875,6.414540079766751
cc-387,4.345075,3.3130621910095215,5.710309403720581
cc-391,8.166042,3.916780948638916,8.402876072761094
cc-395,14.190683,4.721090316772461,8.173211972844955
cc-399,13.862723,5.196155548095703,9.576503161550557
cc-403,7.523443,1.0555552244186401,7.943819986791276
cc-407,10.22843,4.112460613250732,7.07305562691966
cc-411,5.420411,3.8458445072174072,6.417533332253809
cc-415,10.296265,4.959808349609375,8.632540172677233
cc-419,10.977531,4.698154449462891,8.1620553044841
cc-423,2.275122,2.319723606109619,5.314655847703917
cc-427,10.224632,5.261569023132324,8.609138380505684
cc-431,6.464974,3.5656192302703857,6.813731115995395
cc-435,7.088363,4.797609806060791,7.941643075891597
cc-439,6.447453,4.2493696212768555,6.9364544679648015
cc-443,14.104336,4.62296199798584,8.923702005509305
cc-447,15.066666,5.33957576751709,10.54223525942067
cc-451,5.967227,4.4506025314331055,6.737811348369088
cc-455,20.88538,6.49259090423584,11.925934250029162
cc-459,6.075536,3.802908420562744,6.856180878539137
cc-463,8.82988,3.605818271636963,6.302157054570821
cc-467,11.593739,4.171108245849609,7.7370134513217685
cc-471,14.149112,4.681819438934326,9.967258668042945
cc-475,13.838206,5.032689571380615,8.992546812711653
cc-479,6.291071,3.593041181564331,7.582452777444556
cc-483,5.013405,3.5177857875823975,6.099160113175749
cc-487,18.021809,6.501828193664551,11.370821970611006
cc-491,8.151592,3.1268701553344727,5.847999018125281
cc-495,5.252209,2.872030735015869,6.567740184331664
cc-499,5.258649,3.4200448989868164,5.595749467624972
cc-503,9.865332,5.024499893188477,7.852117615142297
cc-507,7.470283,4.104133129119873,9.743308959238462
cc-511,5.609392,3.5766685009002686,6.292360955522265
cc-515,21.279848,6.3556718826293945,13.794812257403617
cc-519,4.671036,3.937976837158203,5.448263754171718
cc-523,6.333842,4.030093669891357,7.479865851297181
cc-527,4.598654,3.3858485221862793,5.956300335384313
cc-531,10.459112,5.191604137420654,8.706555143266321
cc-535,5.113587,3.424941062927246,6.344334703252102
cc-539,4.2075,3.0137414932250977,4.675460384785658
cc-543,2.711311,3.437028408050537,3.7734029307311556
cc-547,8.745729,3.8169031143188477,8.727780024538191
cc-551,4.460565,3.793222665786743,5.438739768985621
cc-555,3.72178,3.243257522583008,5.05614767836703
cc-559,5.129107,3.0202391147613525,6.373723000397769
cc-563,11.057435,5.383340835571289,8.768869217769632
cc-567,2.965471,3.7405967712402344,3.6923129997181117
cc-571,6.050505,4.582069396972656,7.184894424390671
cc-575,9.964724,4.333736419677734,7.045027899086294
cc-579,5.891412,3.6364316940307617,2.8370591300067085
cc-583,5.559657,2.493565797805786,2.0672490131077086
cc-587,6.860677,3.0651798248291016,2.9165163778449936
cc-591,2.614233,2.126640796661377,1.9924177009312414
cc-595,5.871806,4.277952671051025,6.6591704421181825
cc-599,10.680125,4.75853157043457,7.649120673747227
cc-603,10.263929,3.895954132080078,8.674989935220975
cc-607,10.88794,5.100385665893555,8.741385717661183
cc-611,10.330378,4.001413345336914,7.09591319136629
cc-615,5.213039,3.7040255069732666,6.249639079116064
cc-619,4.888596,4.329422950744629,6.8003975367348595
cc-623,7.648322,3.308121681213379,1.5211164911507284
cc-627,5.061134,4.861774921417236,9.24751750183656
cc-631,5.057276,3.5544230937957764,7.033871230725437
cc-635,1.973454,4.098454475402832,3.398974255986361
cc-639,7.675907,2.5253827571868896,0.35837395685966233
cc-643,11.487468,0.8421010971069336,3.040872412989159
cc-647,6.530275,4.053971290588379,7.119587097400301
cc-651,32.326916,5.858238220214844,10.424409956975541
cc-655,3.839995,2.653390884399414,4.401441725288559
cc-659,13.973312,4.2730536460876465,7.903819249009674
cc-663,4.442868,2.94478702545166,5.337513412150546
cc-667,0.846351,4.197556495666504,3.322238146772675
cc-671,5.808447,3.16813325881958,7.0099252108289685
cc-675,3.630905,3.7452759742736816,4.542940933767696
cc-679,4.281409,3.7291419506073,5.229484208753974
cc-683,9.707117,2.900921106338501,9.572421453613657
cc-687,4.264349,3.26779842376709,5.155197124302426
cc-691,5.302667,3.5695552825927734,3.918167505559811
cc-695,6.241467,4.2659783363342285,7.153873444070244
cc-699,6.52223,3.686185359954834,255.7622683508033
cc-703,2.529914,0.4564583897590637,4.819680731889393
cc-707,18.631237,3.4549918174743652,5.930721632313084
cc-711,3.145721,2.6963753700256348,3.83109106957265
cc-715,4.471344,3.8482296466827393,7.287481350538045
cc-719,2.70684,3.721034288406372,4.859953583533457
cc-723,1.286988,3.0686769485473633,3.4596556473149134
cc-727,7.025482,4.4275007247924805,9.148468055901166
cc-731,3.383846,3.470362663269043,3.957896129478955
cc-735,9.93182,3.715716600418091,7.015095374215705
cc-739,8.349277,3.327319622039795,7.022986676227041
cc-743,5.007342,3.1532607078552246,6.666789630267059
cc-747,6.646032,4.102847576141357,7.2692497217532335
cc-751,6.779483,2.219458818435669,7.3998643757339755
cc-755,3.101725,3.2762038707733154,3.9388481591067626
cc-759,6.16081,3.942397117614746,7.221901909685214
cc-766,5.846656,3.8717541694641113,6.502977085066211
cc-770,5.854888,3.827061891555786,4.725257221615816
cc-774,8.608657,4.4604644775390625,6.8553645369517575
cc-778,7.15442,3.030311107635498,5.6727576907011175
cc-782,7.402114,3.54622745513916,6.855092423089296
cc-786,5.612095,3.653388500213623,3.7483684553848464
cc-790,15.907745,4.021545886993408,9.004791936522349
cc-794,4.901736,2.535181760787964,2.8106640853481006
cc-798,5.713615,3.1610965728759766,5.255062911825202
cc-802,5.580255,3.0867295265197754,6.548147986234551
cc-806,6.097409,3.7806973457336426,3.3992463698488207
cc-810,3.896687,2.068804979324341,1.9290151709780887
cc-814,4.851457,4.014418125152588,6.538896114910916
cc-818,14.367112,3.18190860748291,7.649120673747225
cc-822,7.915917,2.8014750480651855,6.6066524666634265
cc-826,8.642488,3.824227809906006,7.673066693643696
cc-830,19.651123,4.949411869049072,9.773241484109048
cc-834,19.695694,4.7138285636901855,7.862730055778234
cc-838,12.493354,4.155961990356445,8.421651929270826
cc-842,7.666987,5.740605354309082,9.036629258430157
cc-846,17.680656,4.162356376647949,9.627388453830553
cc-850,2.760625,3.321193218231201,5.75711298806368
cc-854,6.058942,3.7171878814697266,6.456989842310492
cc-858,7.387934,2.744284152984619,5.634389636094275
cc-862,6.237355,3.735325574874878,6.1892298016499705
cc-866,9.646741,3.7868289947509766,5.482277986979201
cc-870,2.639083,2.8628737926483154,3.9919103622864394
cc-874,3.057392,3.2995901107788086,4.386203348990805
cc-878,5.520522,3.0909042358398438,5.5601025516427285
cc-882,4.325235,2.948791027069092,5.278736817859213
cc-886,2.417015,2.87992000579834,7.041762532736775
cc-890,2.521827,2.128232955932617,3.7135378809899815
cc-894,4.537247,1.9558671712875366,3.7151705641647412
cc-898,3.210775,5.458244323730469,10.63393763106965
cc-902,6.490031,4.221337795257568,3.3614225429668974
cc-906,6.662689,4.83394193649292,8.143279447974368
cc-910,6.562228,4.9686174392700195,8.54464739510269
cc-914,1.555764,4.008091926574707,12.229613320534387
cc-918,6.603238,3.49113130569458,8.791454668353802
cc-922,12.708553,3.999056339263916,6.387872921245681
cc-926,9.308454,2.9457006454467773,8.016474388068064
cc-930,7.177094,4.986832618713379,5.257239822724881
cc-934,5.208192,2.83600115776062,6.514405867289527
cc-938,5.443498,3.0477547645568848,11.382250752834318
cc-942,5.979838,4.2113142013549805,6.915773814417849
cc-946,6.150679,3.6921989917755127,3.972590278051788
cc-950,5.568589,4.022322654724121,7.467076499761567
cc-954,10.565285,3.543612003326416,4.227288853314235
cc-958,4.407521,2.789116382598877,1.6607109025926476
cc-962,3.049144,2.1529622077941895,1.349140530076085
cc-966,7.12358,3.027355670928955,3.385640676725827
cc-970,7.127059,2.592495918273926,1.5232934020504083
cc-974,4.754887,2.592146873474121,3.1260440519391017
cc-978,5.806615,3.370610237121582,7.163125315393882
cc-982,3.705307,4.317403793334961,5.597654264662191
cc-990,3.603287,1.3969804048538208,5.593028329000373
cc-994,1.913744,6.123823642730713,14.487614151226472
cc-998,2.561959,2.691579580307007,1.3662837034110569
cc-1002,2.391752,3.0895285606384277,0.8217838646288373
cc-1006,6.338496,4.458962440490723,7.988174546372238
cc-1010,2.114985,1.5452773571014404,1.2699553961002596
cc-1014,4.235736,3.9869325160980225,7.032510661413139
cc-1018,1.812853,0.07861180603504181,2.451473786901059
cc-1022,0.952127,3.2063708305358887,2.6539265005712087
cc-1026,6.69499,4.7825927734375,7.596602698292471
cc-1030,8.103907,3.4100427627563477,6.793322576310905
cc-1034,4.740888,2.7421367168426514,5.46431847205685
cc-1038,12.360799,5.114864349365234,8.292942072327302
cc-1042,2.549251,1.1212339401245117,3.2460462652839084
cc-1046,1.710349,2.4106507301330566,3.44468938487962
cc-1050,5.045923,3.158827543258667,6.340252995315205
cc-1054,7.536292,6.533419609069824,4.229737878076375
cc-1058,2.9935,2.9378013610839844,2.3611319845643792
cc-1062,4.934088,4.236491680145264,6.142970445031791
cc-1066,13.427168,5.357979774475098,7.45972942547515
cc-1070,11.331881,3.507997751235962,5.552755477356311
cc-1074,4.849649,3.0334653854370117,6.717674922547058
cc-1078,5.677302,2.3199398517608643,5.566361170479306
cc-1082,10.452942,3.5622010231018066,3.6289104697649606
cc-1086,3.64089,2.5137269496917725,4.454231814605776
cc-1090,9.212201,3.7836501598358154,5.066760119002965
cc-1094,3.057439,3.8773834705352783,3.8667379855548947
cc-1098,8.756446,3.802595853805542,1.593226664702597
cc-1102,13.267059,3.187130928039551,8.688323514481509
cc-1106,4.483332,2.330759286880493,4.292596180304606
cc-1110,9.092157,2.000549793243408,0.7142988889571849
cc-1114,4.497915,5.6933746337890625,7.320407127895693
cc-1118,13.731565,3.102633476257324,0.8914450134185672
cc-1122,0.60401,2.202110528945923,1.9001711015573421
cc-1126,13.561366,4.282208442687988,8.93213753524556
cc-1130,25.645641,7.014536380767822,11.915321809393225
cc-1134,1.066841,1.3123292922973633,1.3817941935712703
cc-1138,1.757559,2.2238919734954834,3.7282320295628164
cc-1142,6.825607,3.2802538871765137,7.589255624006053
cc-1146,5.369604,2.699155330657959,5.687996066998872
cc-1150,11.771027,4.0252556800842285,8.757984663271237
cc-1154,4.414926,3.318298578262329,4.863491063745435
cc-1158,7.575259,4.929400444030762,4.798183736755064
cc-1162,11.861724,2.3188560009002686,1.5017964069160765
cc-1166,7.481737,3.752861261367798,9.194183184794426
cc-1170,1.850925,3.017148017883301,5.137237609380074
cc-1174,14.149092,4.928926467895508,9.074725199174537
cc-1178,13.195948,3.6408472061157227,1.1156668360855089
cc-1182,11.454924,4.592206001281738,9.149556511351005
cc-1186,4.359949,3.565770149230957,7.227888414659333
cc-1190,5.510184,5.739270210266113,6.513589525702148
cc-1194,1.063956,5.333527088165283,12.01627605236584
cc-1202,0.545362,7.787107467651367,14.21767719966627
cc-1206,3.24797,4.141396999359131,8.705738801678939
cc-1210,7.303877,4.5593180656433105,9.579768527900073
cc-1214,2.182286,3.5066120624542236,4.544845730804916
cc-1218,4.504602,3.905304431915283,5.53125848222198
cc-1222,3.92207,1.982879638671875,5.981879038455543
cc-1226,11.653319,3.2589099407196045,6.4648811443218275
cc-1230,4.641766,2.5181455612182617,3.815580579412437
cc-1234,10.495177,2.5203638076782227,8.111714239929022
cc-1238,3.650647,2.742043972015381,4.529879468369622
cc-1242,2.266687,2.0578513145446777,5.188667129384992
cc-1246,0.778927,1.0375820398330688,1.4876464860681637
cc-1250,11.067429,4.769110679626465,6.8229829873190315
cc-1254,4.897616,3.803347587585449,6.224604603769754
cc-1258,6.520337,4.342086315155029,7.230609553283931
cc-1263,5.291735,3.2268781661987305,6.964482195798168
cc-1267,0.697322,0.16812844574451447,2.2092924493117656
cc-1271,2.684079,2.9560747146606445,5.258328278174721
cc-1275,6.856143,4.032081127166748,11.49708280279239
cc-1279,3.397747,2.8063549995422363,4.287970244642789
cc-1283,1.244714,0.39595451951026917,1.5657431645941498
cc-1287,4.235366,0.3748069405555725,4.575866711125342
cc-1291,7.552179,3.357118606567383,7.575922044745519
cc-1295,4.793814,2.1331777572631836,6.119296538997782
cc-1299,0.509073,1.4708322286605835,2.3366417369429895
cc-1304,12.280262,4.628652572631836,8.227906859199392
cc-1308,7.11578,3.7392380237579346,8.966151768053045
cc-1312,7.991014,4.627243995666504,10.22549472351737
cc-1316,2.430012,2.10260009765625,4.94403676703356
cc-1320,0.918986,3.2341055870056152,7.476600484947663
cc-1324,1.769346,2.465108871459961,2.3883433708103663
cc-1328,1.70773,1.6166737079620361,5.199551683883386
cc-1332,5.859292,4.361026763916016,4.453415473018396
cc-1336,3.657286,3.781257390975952,5.562279462542406
