mat_id,sk_bandgap,band_gap_ind,e_above_hull,e_form
agm004135074,6717185.0,0.0,0.5210357,0.48468444
agm003997734,2916402.5,0.0,0.11766038000000001,-0.20626067
agm003108981,860252.0625,0.0,0.25039992,-0.27476653
agm001181095,326976.71875,0.0,0.19545265,0.15396859000000002
agm002913660,48.34677505493164,0.0,1.2181604,0.9666834
agm002963977,43.20270538330078,0.0,1.0293936,0.8448270999999999
agm001038573,41.07532501220703,0.0,0.15451289999999998,-0.042358503000000006
agm001070701,37.36077117919922,0.0,1.3673604,1.2740711
agm003258510,36.97066116333008,1.9325,0.0,-2.0900352
agm005546854,36.82061004638672,1.9181,0.00081348966,-2.0892217
agm001038572,35.79747009277344,0.0,0.18442056,-0.034378763
agm005494203,34.25889587402344,0.357,1.2303233,1.2303233
agm001069611,33.81453323364258,0.0,1.2804528,1.0430052
agm003789609,33.54756546020508,1.017,0.80317533,0.80317533
agm005964655,33.15970230102539,0.0,0.063152,0.015466623
agm004449335,33.079898834228516,0.9777,0.72983885,0.72983885
agm004449571,32.93985366821289,0.0,0.9468156,0.9468156
agm001022241,32.805599212646484,0.5581,0.067364246,-0.40334934
agm005608651,32.73003005981445,1.4878,0.0,-0.32344022
agm005964525,32.67110061645508,0.0,0.03333063,-0.01770984
agm005608625,32.61757278442383,1.5337,0.0,-0.47071359999999995
agm005710411,32.54182815551758,0.0,0.1374424,0.060310096
agm005655524,32.35367202758789,2.5952,0.042574126000000004,-0.71703154
agm003220257,32.20509719848633,1.8974000000000002,0.0,-2.4265356
agm005608142,32.17143249511719,1.6787,0.004979036,-0.27718532
agm005608640,31.67401885986328,1.8425,0.0,-0.6859813
agm001010490,31.582530975341797,1.9693,0.0,-0.28216437
agm005608073,31.551788330078125,0.038200000000000005,0.0,-0.9266256700000001
agm002223284,31.233034133911133,0.0,0.07340737,0.05619102300000001
agm001048052,31.165447235107422,2.3112,0.0,-0.43787566
agm005608091,30.70271110534668,0.8772000000000001,0.08487219,-1.1050414
agm003207239,30.548927307128906,9.0617,0.0,-2.195947
agm004449333,30.507509231567383,0.838,0.7455362,0.7455362
agm002934073,29.96723175048828,0.0,1.0820115,0.4542382
agm002044747,29.931415557861328,0.0,0.82608414,0.82608414
agm005763916,29.50912857055664,4.2338000000000005,0.06909623,-1.9440472999999998
agm005286357,29.498004913330078,2.9194,0.0029753917,-2.8297011999999997
agm003232077,29.460721969604492,3.071,0.0013272630000000002,-2.8313494
agm003251617,29.446619033813477,3.0014,0.0,-2.8326764
agm003232079,29.413389205932617,3.0307,0.0020628672,-2.8306136
agm002149044,28.795944213867188,5.4532,0.0062545175,-2.813982
agm002148242,28.521080017089844,3.5457,0.01706162,-2.815615
agm003236548,28.393362045288086,5.3414,0.0,-2.8202363999999998
agm005288225,28.37775421142578,3.5358,0.015328245,-2.8173482
agm005546839,28.23586654663086,5.3547,0.0033740090000000003,-2.8168623
agm005546166,28.173559188842773,3.6569000000000003,0.013480184000000001,-2.8191962
agm003764370,28.08426284790039,0.0015,0.13760048,-2.1287763
agm005232924,28.036691665649414,3.2154,0.008534696000000001,-2.8241417
agm003232078,27.74748992919922,3.2121,0.0076186694,-2.8250577
agm005232333,27.690460205078125,3.2383,0.007797928500000001,-2.8248787
agm002044744,27.643522262573242,0.0373,0.76075727,0.76075727
agm003231428,27.15874481201172,3.3512,0.035500247000000006,-2.7971764
agm005781727,27.084148406982422,0.0219,0.14385708,-2.2776952
agm003210644,26.952112197875977,3.3293,0.032987766,-2.7996888
agm002044743,26.888507843017578,0.0,0.84947383,0.84947383
agm005819786,26.879562377929688,0.004,0.13739479000000002,-2.0589685
agm003210648,26.622982025146484,3.3665,0.029643482000000002,-2.803033
agm005257924,26.397201538085938,1.1692,0.36576864000000003,0.27329525
agm002106257,25.84707260131836,0.0,0.25043747,0.25043747
agm003774004,25.745765686035156,1.4474,0.29165655,-1.9464736999999999
agm003232094,25.37884521484375,5.5375,0.0,-3.5987473
agm003231429,25.232261657714844,3.2603,0.079241805,-2.7534347
agm003210646,25.122785568237305,3.2538,0.0783222,-2.7543542
agm005231277,24.980865478515625,3.2671,0.08009737,-2.7525792
agm001018549,24.351198196411133,0.3083,0.07275043,-0.5880928
agm003258393,24.133502960205078,4.212,0.005634918300000001,-2.6546018
agm003236713,23.990455627441406,4.1461,0.0,-2.6602368
agm002998391,23.984142303466797,0.8035,0.0027021433000000003,-0.39832744000000003
agm003231535,23.907215118408203,3.1638,0.009499813000000001,-2.6787527
agm005546844,23.866743087768555,4.1189,0.0035477940000000004,-2.6566891999999998
agm005258294,23.77692413330078,1.8561,0.4144353,-1.1312543
agm003231534,23.709503173828125,3.1213,0.008839893,-2.6794126
agm005868095,23.67599105834961,2.6076,0.040476277000000005,-1.6831844
agm005287871,23.63446044921875,2.5997,0.18250877000000001,-1.9155338
agm003251703,23.338117599487305,3.358,0.0,-2.4149077
agm002173195,23.235801696777344,0.9368000000000001,0.6919018,-0.23861693
agm002173194,23.195541381835938,1.0504,0.6884547,-0.24206406
agm003232298,23.1610164642334,3.3564,0.0021535882,-2.412754
agm003232837,22.9742431640625,2.3015,0.0,-1.7236606
agm003209775,22.678131103515625,4.9228000000000005,0.051094353,-2.6371582
agm005242893,22.615631103515625,4.9667,0.05045778,-2.6377946999999997
agm006037803,22.552902221679688,0.0,0.34146246,-1.0811923
agm003231475,22.048370361328125,5.5502,0.06183674,-3.5369102999999997
agm004094126,21.9360294342041,0.0,0.35991445,-1.2030475
agm005508262,21.87664031982422,1.6937,0.87549543,0.87549543
agm003249116,21.856361389160156,3.4505,0.011138693,-2.6985996
agm003276902,21.842079162597656,3.4521,0.011278875,-2.6984594
agm001741521,21.817153930664062,0.0,0.8753078,-1.2227348
agm002755339,21.81389808654785,0.0,1.1708195,0.4344109
agm005252200,21.54706573486328,4.0796,0.012641777000000002,-2.7211883
agm003226870,21.50558853149414,3.0537,0.051974043000000004,-2.681856
agm003715553,21.49932098388672,3.9089,0.0057545886,-2.7280755
agm003231836,21.461517333984375,4.5626999999999995,0.0,-3.3849916
agm005912066,21.434463500976562,3.9364,0.012292298,-2.7215378
agm003210688,21.430866241455078,5.508,0.066654235,-3.5320928
agm003207110,21.3126163482666,2.3073,0.08937844,-2.6444516
agm003206251,21.28759002685547,4.9711,0.020762945,-3.6881924
agm003298177,21.197128295898438,4.9078,0.022141669000000003,-3.6868136
agm002562192,21.154632568359375,0.0,1.6643878,0.48458025
agm003226873,21.134750366210938,2.3082000000000003,0.08947981,-2.6443503
agm003244838,21.105060577392578,0.0,0.0,-1.6941967
agm001700624,21.070592880249023,0.0,0.8352124,-1.2628301
agm003249316,20.933197021484375,2.5122999999999998,0.009877544,-2.7778687
agm005257051,20.838855743408203,5.0031,0.07729128,-3.5214558
agm002105547,20.806507110595703,0.0,0.24004744,0.24004744
agm006181950,20.717092514038086,0.0,0.59014297,-3.1188123
agm003239334,20.676586151123047,5.4008,0.0,-4.149443
agm003232637,20.602413177490234,2.5106,0.0,-2.0836782
agm003284694,20.549537658691406,4.1404,0.0,-3.7089553
agm005225934,20.516223907470703,4.1961,0.2594082,-3.339339
agm005544812,20.484336853027344,2.8988,0.06348192,-3.6454732
agm003297860,20.312694549560547,6.6378,0.034217108,-4.115226
agm003227040,20.279541015625,3.3614,0.011300997,-2.7225289999999998
agm003194316,20.25208282470703,3.2849,0.000627527,-1.5302618
agm005452002,20.245330810546875,3.4702,0.35367489999999996,-3.2450724
agm002148213,20.222591400146484,3.7758000000000003,0.048038192,-3.3369534
agm005230030,20.2014102935791,3.5367,0.014546173,-2.7192838
agm005922978,20.189706802368164,2.6624,0.050911162,-2.7368352
agm002148215,20.18850326538086,3.7655000000000003,0.046721138,-3.3382704
agm002105548,20.120519638061523,0.0,0.13458174,0.13458174
agm003251923,20.078548431396484,2.5541,0.0,-2.177464
agm003206487,20.07027816772461,3.3466,0.0,-1.5308893000000001
