id,sk_gap,alignn_gap
JVASP-867_Cu_a_0,0.000757,0.004949450492858887
JVASP-816_Al_a_0,0.002243,0.007625244557857513
JVASP-987_Ru_c_0,0.004358,0.01567661762237549
JVASP-14601_Sn_b_0,0.000711,0.04189983010292053
JVASP-14612_Zr_d_0,0.001381,0.002002730965614319
JVASP-25104_Cl_f_0,0.002362,1.1842546463012695
JVASP-25210_Te_a_0,0.002402,0.10568664968013763
JVASP-25180_Ca_a_0,0.005146,0.013479679822921753
JVASP-861_Cr_a_0,0.003354,0.005406875163316727
JVASP-984_Rh_b_0,0.000691,0.00908634066581726
JVASP-996_Sc_c_0,0.001013,0.0005063861608505249
JVASP-11950_Al_a_0,0.001313,0.0077023133635520935
JVASP-11970_Al_a_0,0.000937,0.019360288977622986
JVASP-13988_Cu_a_24,0.003679,-0.0041727349162101746
JVASP-15000_Fe_b_27,0.000663,0.040203601121902466
JVASP-19729_Al_b_0,0.003083,0.004894748330116272
JVASP-20524_Ti_d_0,0.000703,-0.003840029239654541
JVASP-39_Al_b_0,0.000229,3.9132320880889893
JVASP-57_Se_f_18,0.000114,0.8037106990814209
JVASP-95_S_b_16,2.008075,1.02934992313385
JVASP-96839_H_h_48,0.011026,3.1554882526397705
JVASP-101250_O_c_8,0.002394,0.682992696762085
JVASP-102247_Mn_b_0,8.7e-05,0.4138449430465698
JVASP-104988_Ni_a_0,5.8e-05,0.5580230951309204
JVASP-107154_Mg_a_0,0.004097,2.5709805488586426
JVASP-107386_Mn_a_0,0.001077,0.4807257652282715
JVASP-12047_Co_a_0,5.9e-05,0.7832604646682739
JVASP-12195_O_i_18,1.030123,1.5206189155578613
JVASP-17252_Cr_b_0,0.000585,0.234625905752182
JVASP-18424_Cu_a_0,0.000692,0.020926624536514282
JVASP-18430_O_c_8,0.000999,0.936426043510437
JVASP-18883_Co_a_0,0.000436,0.8132996559143066
JVASP-22523_C_a_0,0.005907,1.3152745962142944
JVASP-234_Ni_b_0,0.000865,1.3560009002685547
JVASP-240_Ni_a_0,0.005226,1.372525691986084
JVASP-5308_Mn_a_0,9.8e-05,0.45075666904449463
JVASP-60771_Co_a_0,0.000452,0.7718935012817383
JVASP-8065_O_f_24,2.653093,1.2222278118133545
JVASP-8247_O_c_8,0.942158,1.1159710884094238
JVASP-8253_Co_b_9,0.00016,0.7928768396377563
JVASP-8268_Co_a_0,0.000287,0.7148969173431396
JVASP-8392_Ni_d_0,0.000299,1.3562846183776855
JVASP-8642_O_c_8,0.000788,0.679702639579773
JVASP-92452_Co_a_0,0.000258,0.7732466459274292
JVASP-93342_O_f_24,2.962389,1.2211825847625732
JVASP-93460_O_g_24,0.000103,0.0021310560405254364
JVASP-93954_O_g_24,0.000108,0.0044954754412174225
JVASP-94296_O_d_36,7.111236,5.579434394836426
JVASP-94423_O_f_24,0.000365,0.04377269744873047
JVASP-113_O_e_4,0.7792,3.444706916809082
JVASP-11950_Ni_d_3,0.033914,0.015373613685369492
JVASP-11959_Ni_h_12,0.001131,-0.00045228004455566406
JVASP-11963_Al_d_8,7.1e-05,0.01810382306575775
JVASP-11965_Co_d_21,0.00299,0.011518128216266632
JVASP-11970_Co_b_8,0.000117,0.023311004042625427
JVASP-11987_Mg_c_0,0.002596,-0.005317658185958862
JVASP-1300_Mg_a_0,0.003229,2.7130112648010254
JVASP-1327_Al_a_0,0.003982,1.9741811752319336
JVASP-13988_Al_e_0,0.010135,-0.0030282512307167053
JVASP-14311_Fe_a_3,0.002251,0.05003310739994049
JVASP-14639_Co_b_8,0.000116,0.023310989141464233
JVASP-14739_Zr_d_0,0.001089,0.009654194116592407
JVASP-14971_Ni_c_8,0.014608,0.007925242185592651
JVASP-16660_Ti_i_0,0.00082,-0.0015441030263900757
JVASP-16845_Cu_b_1,0.007366,0.02300649881362915
JVASP-16852_Cu_a_4,0.000255,0.0010382309556007385
JVASP-17185_C_d_6,0.000797,0.0031006596982479095
JVASP-17422_Al_b_0,0.003092,-0.002073228359222412
JVASP-17864_P_b_4,0.003463,-0.002797219902276993
JVASP-18691_Cu_c_1,0.004407,0.015863820910453796
JVASP-1954_Ag_a_0,0.000875,0.8888986110687256
JVASP-19673_Fe_a_8,0.001611,-0.012249507009983063
JVASP-19829_Fe_f_6,0.000608,0.0001406557857990265
JVASP-19834_Al_a_6,0.000881,0.010604947805404663
JVASP-20211_Al_d_8,5.9e-05,0.01810392737388611
JVASP-20259_Al_k_1,0.000971,0.002705991268157959
JVASP-20436_Ni_d_16,0.000495,0.009046822786331177
JVASP-20472_Al_d_8,6.7e-05,0.01810389757156372
JVASP-20491_Sm_a_0,0.038407,0.006792444735765457
JVASP-20625_Zr_b_0,0.001639,0.0038279592990875244
JVASP-20638_Ni_c_2,0.006644,0.01495787501335144
JVASP-26272_Ti_a_0,0.003295,0.0009128451347351074
JVASP-32_O_e_4,2.504956,4.814477920532227
JVASP-37045_Ti_c_0,0.003701,0.008083730936050415
JVASP-3717_Al_b_0,0.001769,3.892681121826172
JVASP-37615_Ti_b_2,0.001494,0.006453484296798706
JVASP-37941_Al_h_0,0.003842,0.0022071078419685364
JVASP-37996_Al_a_0,0.000911,0.017205171287059784
JVASP-38020_Al_h_4,0.002297,0.001087389886379242
JVASP-4403_Al_a_0,0.001469,0.012284398078918457
JVASP-54444_C_a_12,0.00072,-0.0064122602343559265
JVASP-59544_C_c_14,0.0005,0.0023017674684524536
JVASP-7631_P_c_8,0.002673,0.015891917049884796
JVASP-7844_N_c_8,0.002106,3.404944896697998
JVASP-7937_P_g_4,0.012669,0.5968959331512451
JVASP-79797_Ni_c_4,0.00236,0.001847296953201294
JVASP-8169_Ga_a_0,0.000274,1.828896403312683
JVASP-85876_La_a_0,0.001071,0.0017782747745513916
JVASP-86371_Al_i_1,0.001029,0.01053917407989502
JVASP-96839_Al_b_3,0.001067,3.4351954460144043
JVASP-27978_O_d_16,0.002454,0.7609403133392334
JVASP-13526_Y_h_0,0.001239,3.2069034576416016
JVASP-13600_Fe_c_4,0.004221,0.7662007808685303
JVASP-19989_S_b_12,1.293648,0.9351556301116943
JVASP-27780_Ti_d_6,0.019381,0.04349127411842346
JVASP-27864_Te_d_18,0.002502,-0.003039062023162842
JVASP-60477_Ru_d_0,0.000455,0.034698814153671265
JVASP-60525_Se_c_16,0.078089,0.5347075462341309
JVASP-688_B_e_0,0.016494,4.00813102722168
JVASP-5950_Sc_d_0,0.001624,0.010335862636566162
JVASP-5983_P_h_0,0.008633,0.6696645021438599
JVASP-762_Se_d_9,0.141539,0.4069232940673828
JVASP-789_Zr_a_0,0.000924,0.32734188437461853
JVASP-922_Mn_a_0,0.000719,0.00722995400428772
JVASP-943_Ni_a_0,0.000263,0.004446476697921753
JVASP-14837_V_a_0,0.000608,-0.007139977067708969
JVASP-14603_As_c_0,0.000434,-0.0006754137575626373
JVASP-7804_Se_b_0,0.006505,0.1934560090303421
JVASP-25144_P_f_0,0.000848,0.1813429296016693
JVASP-1020_Tc_d_0,0.000338,-0.0036419928073883057
JVASP-25379_H_f_0,1e-06,8.74343204498291
JVASP-931_Na_c_0,0.001167,4.6662986278533936e-05
JVASP-895_I_f_0,0.000463,0.09906435012817383
JVASP-963_Pd_b_0,0.000324,-0.00043770670890808105
JVASP-11950_Ni_d_24,0.002612,0.0059218257665634155
JVASP-11970_Co_b_27,0.001956,0.016215749084949493
JVASP-14639_Al_a_0,0.000937,0.019360288977622986
JVASP-17_B_c_0,0.008121,4.081183433532715
JVASP-19729_Ni_a_27,0.001128,-0.004708826541900635
JVASP-30_N_b_36,0.012813,1.6982693672180176
JVASP-54_Mo_d_0,0.230412,0.018793627619743347
JVASP-79137_Ag_b_8,0.001594,-0.011339455842971802
JVASP-96839_Al_b_24,0.01563,3.058473825454712
JVASP-100703_In_c_0,0.000351,0.08953124284744263
JVASP-101260_O_c_2,0.000892,0.8835287094116211
JVASP-102247_O_d_18,0.000235,0.7229814529418945
JVASP-104988_O_c_8,0.933977,1.2521471977233887
JVASP-107154_O_c_27,4.707727,2.5599679946899414
JVASP-107386_O_c_8,0.000316,0.6856402158737183
JVASP-12047_O_d_18,0.000134,0.8845279216766357
JVASP-12196_O_a_18,0.000852,0.29672545194625854
JVASP-17252_O_c_8,0.000139,0.26231876015663147
JVASP-18428_Cr_b_0,0.000561,0.23510539531707764
JVASP-186_Cr_b_9,0.000167,0.30140745639801025
JVASP-18883_O_d_18,0.001072,0.8870149850845337
JVASP-22523_O_c_32,5.52206,6.081057548522949
JVASP-234_O_c_18,1.035242,1.4890226125717163
JVASP-240_O_d_18,1.032126,1.5053085088729858
JVASP-5308_O_d_18,0.000139,0.723459005355835
JVASP-60771_Co_b_9,8e-05,0.7868951559066772
JVASP-8245_O_c_8,0.000706,0.6607530117034912
JVASP-8248_Ni_a_0,0.001028,0.49398553371429443
JVASP-8264_O_c_8,0.001876,0.6401821374893188
JVASP-8268_O_c_8,0.000508,0.7133432626724243
JVASP-8392_O_i_18,1.031437,1.5215332508087158
JVASP-8645_Ni_b_0,0.00106,0.5685256719589233
JVASP-92452_O_d_18,0.000133,0.8738397359848022
JVASP-93457_Mn_a_0,0.000588,0.012337222695350647
JVASP-93825_Co_a_0,0.000216,0.8325960636138916
JVASP-93956_Cr_a_0,0.000393,0.05789771303534508
JVASP-94344_Mo_c_0,0.001387,0.6181591749191284
JVASP-1029_Ti_d_2,0.000302,0.007945835590362549
JVASP-116_Mg_a_0,0.000325,4.498456954956055
JVASP-11956_Ni_a_8,0.009193,0.007471561431884766
JVASP-11959_Al_b_0,0.00315,-0.002080962061882019
JVASP-11963_Nb_a_0,0.001325,0.01843695342540741
JVASP-11965_Co_h_20,0.001968,0.0025895535945892334
JVASP-11975_Ni_c_12,0.014459,-0.0002674907445907593
JVASP-11987_Al_a_3,0.006784,-0.0015295743942260742
JVASP-1300_S_b_8,0.163832,2.483181953430176
JVASP-1327_P_d_8,0.018558,1.74591863155365
JVASP-13988_Cu_a_4,0.000154,0.0010377764701843262
JVASP-14311_Fe_c_0,0.000183,0.010076936334371567
JVASP-1453_O_c_2,0.008659,1.2665464878082275
JVASP-14657_Zr_h_0,0.00443,-0.0021332502365112305
JVASP-14857_Zr_e_0,0.001746,0.003515288233757019
JVASP-15000_Fe_b_8,0.003505,0.033816009759902954
JVASP-16660_Al_a_4,0.001442,-0.00512203574180603
JVASP-16845_Cu_c_2,0.025558,-0.005752041935920715
JVASP-1702_Zn_a_0,0.003117,2.1186270713806152
JVASP-17422_Ni_a_6,0.000622,-0.006839185953140259
JVASP-17422_Al_j_2,0.002829,-0.005213454365730286
JVASP-17_N_d_18,0.004492,3.9621663093566895
JVASP-18691_Cu_e_2,0.001528,0.02707323431968689
JVASP-1954_Cl_b_8,0.003563,0.7897038459777832
JVASP-19705_Fe_a_0,0.000565,0.015774711966514587
JVASP-19829_Fe_g_0,0.000378,-0.003244590014219284
JVASP-20204_Ti_h_0,0.001387,0.005048573017120361
JVASP-20211_Nb_a_0,0.001325,0.01843699812889099
JVASP-20259_Co_d_21,0.004345,0.012532982975244522
JVASP-20462_Ti_h_0,4.4e-05,0.005044475197792053
JVASP-20472_Nb_a_0,0.001325,0.01843724399805069
JVASP-20625_Cu_a_8,0.000412,0.010522216558456421
JVASP-20638_Zr_b_0,0.006047,0.0287560373544693
JVASP-29559_P_c_2,0.001128,0.7517985105514526
JVASP-32_Al_c_0,0.000628,5.207798957824707
JVASP-37045_Al_b_3,0.000245,0.01127469539642334
JVASP-37615_Ti_d_0,0.001549,0.01191750168800354
JVASP-37941_Fe_c_6,0.001237,0.018102526664733887
JVASP-38019_Al_c_0,0.002493,0.026742473244667053
JVASP-38020_Cu_a_12,0.000568,0.017081599682569504
JVASP-4403_Ni_c_8,0.002317,0.0060652196407318115
JVASP-55158_Zr_c_0,0.000134,-0.0069029927253723145
JVASP-5_O_f_4,0.005283,1.7906112670898438
JVASP-7678_Mg_a_0,0.000661,1.7875444889068604
JVASP-79137_Ag_b_2,0.001415,-0.003144979476928711
JVASP-7957_Fe_b_1,0.000958,0.0186690092086792
JVASP-8082_Sr_a_0,0.001993,1.6182234287261963
JVASP-8169_N_c_8,0.007157,1.54135000705719
JVASP-85876_Cu_c_2,0.001194,0.0017513930797576904
JVASP-86371_Cu_a_5,0.002577,0.009785227477550507
JVASP-96839_H_d_12,0.006843,3.0039772987365723
JVASP-13514_Te_a_12,0.00298,0.07284896075725555
JVASP-13526_Br_i_12,0.000782,3.4833459854125977
JVASP-13632_Ti_c_0,0.001703,0.030879270285367966
JVASP-27724_Te_a_36,0.01021,0.09292729198932648
JVASP-27780_Se_m_18,0.001529,0.029641255736351013
JVASP-27864_P_b_36,0.003013,-0.003027968108654022
JVASP-60497_Cl_k_8,0.001371,0.04229852557182312
JVASP-664_Mo_e_0,0.47367,1.2483596801757812
JVASP-688_N_c_16,0.011528,3.793881893157959
JVASP-5974_Se_c_18,0.001639,0.013754941523075104
JVASP-6667_Fe_a_0,0.007959,0.022732660174369812
JVASP-771_Ti_a_0,0.006789,0.006949856877326965
JVASP-792_S_e_12,2.588622,0.7224540710449219
JVASP-21195_Mo_a_0,0.001052,0.0006056129932403564
JVASP-14604_Ba_a_0,0.001106,-0.00011831521987915039
JVASP-858_Co_c_0,0.000237,0.008748143911361694
JVASP-919_Mg_c_0,0.002872,0.004841357469558716
JVASP-1050_Y_c_0,0.000176,-0.008667901158332825
JVASP-993_Sb_c_0,0.004359,0.003817260265350342
JVASP-25114_K_a_0,0.0046,0.07475307583808899
JVASP-898_In_a_0,0.001954,0.008288152515888214
JVASP-934_Nb_a_0,0.000593,0.0024734437465667725
JVASP-1029_Ti_a_0,0.000382,0.008811533451080322
JVASP-1130_Li_a_0,0.000137,7.494189262390137
JVASP-11956_Al_b_0,0.002932,0.005715414881706238
JVASP-11987_Al_a_24,0.000483,0.0007017254829406738
JVASP-14639_Co_b_27,0.001955,0.016837656497955322
JVASP-19673_V_b_0,0.000386,-0.007629845291376114
JVASP-20253_Ti_d_0,0.000393,-0.0034972727298736572
JVASP-37038_Ti_a_0,0.000886,-0.004617631435394287
JVASP-54_S_f_18,0.530013,0.03377804905176163
JVASP-79137_Ag_d_0,0.000841,-0.01017490029335022
JVASP-96839_H_d_96,0.004872,3.147129535675049
JVASP-100703_O_g_24,0.000399,0.06746312975883484
JVASP-101260_Mn_a_1,0.002393,0.6218403577804565
JVASP-103152_O_c_2,0.01621,0.36911246180534363
JVASP-105710_O_g_24,0.000403,2.4597840309143066
JVASP-107385_Cr_b_0,0.001166,0.2500138580799103
JVASP-12019_Co_a_0,0.00393,0.5718754529953003
JVASP-12195_Ni_b_0,0.00534,1.3502848148345947
JVASP-1285_Ba_a_0,0.00043,2.3128647804260254
JVASP-17253_Fe_b_0,0.002728,0.6897010803222656
JVASP-18428_O_c_8,0.000168,0.26030537486076355
JVASP-186_Cr_c_0,0.000596,0.3220154941082001
JVASP-18888_Mn_a_0,6.9e-05,0.011630546301603317
JVASP-22677_Ca_b_0,0.000286,2.719285249710083
JVASP-237_Ni_a_0,0.000465,1.412313461303711
JVASP-51876_C_a_0,0.000591,1.0802860260009766
JVASP-53976_C_a_0,0.00059,1.0365335941314697
JVASP-60771_O_c_18,0.001036,0.7779902219772339
JVASP-8246_O_c_8,6.1e-05,0.24430911242961884
JVASP-8248_O_c_8,0.91504,1.1853716373443604
JVASP-8265_Co_b_0,0.001831,0.49436864256858826
JVASP-8320_O_c_8,0.001758,1.0107165575027466
JVASP-8638_Co_b_0,0.001788,0.493514746427536
JVASP-8645_O_c_8,0.91489,1.1823909282684326
JVASP-92454_O_d_18,0.000353,0.8200314044952393
JVASP-93457_O_f_24,0.000309,0.0015194490551948547
JVASP-93825_O_f_18,9.7e-05,0.8792253732681274
JVASP-93956_O_f_24,0.000638,0.0294903963804245
JVASP-94344_O_f_18,0.015359,0.5299087166786194
JVASP-104_O_e_8,0.082389,1.8850257396697998
JVASP-116_O_b_8,2.188811,4.219286918640137
JVASP-11959_Ni_a_6,0.000363,-0.006830394268035889
JVASP-11959_Al_j_2,0.003004,-0.0052159130573272705
JVASP-11965_Al_a_0,0.00079,0.006161220371723175
JVASP-11968_Al_a_0,0.001145,0.012857615947723389
JVASP-11981_Nb_c_0,0.009277,0.009187906980514526
JVASP-1201_Cl_c_8,0.001661,0.5290203094482422
JVASP-1312_B_a_0,0.007936,1.269734263420105
JVASP-1393_Ga_a_0,0.003071,1.4238734245300293
JVASP-1405_Ca_a_0,0.000388,3.6323494911193848
JVASP-14311_P_b_4,0.003463,-0.002797219902276993
JVASP-1453_Cu_a_1,0.002907,5.202754497528076
JVASP-14657_Ni_a_4,0.00147,0.0007643029093742371
JVASP-14857_Cu_a_8,0.00177,0.002500385046005249
JVASP-16660_Al_c_6,0.002863,-0.006197825074195862
JVASP-16845_Al_a_0,0.001481,0.005800455808639526
JVASP-1702_S_d_8,1.026135,1.8614304065704346
JVASP-17422_Ni_e_8,0.001954,-0.0047111064195632935
JVASP-17864_Fe_a_3,0.002251,0.05003310739994049
JVASP-18399_Pd_b_8,0.003791,-0.006860688328742981
JVASP-18825_Fe_d_2,0.000793,-0.0004389658570289612
JVASP-19613_Al_a_0,0.005507,-0.0016736984252929688
JVASP-19705_Ni_c_8,0.001131,0.011077344417572021
JVASP-19829_P_c_12,0.000378,-0.01139897108078003
JVASP-20204_Al_c_6,0.001016,0.001989811658859253
JVASP-20253_Al_a_4,0.001122,-0.001035541296005249
JVASP-20259_Co_h_20,0.000409,0.0024900808930397034
JVASP-20462_Al_c_6,0.001016,0.0019900500774383545
JVASP-20482_Fe_g_0,0.001733,-0.00783444195985794
JVASP-20628_Fe_a_0,0.000642,0.0012974813580513
JVASP-26272_Al_b_4,0.004268,0.005746230483055115
JVASP-29559_Fe_b_0,0.015238,0.7528508901596069
JVASP-37038_Al_c_8,0.000663,-0.005767941474914551
JVASP-37090_Ni_a_24,0.000185,-0.0065955668687820435
JVASP-37615_Nb_a_3,0.002501,0.01158401370048523
JVASP-37995_Fe_a_9,0.000982,0.013837546110153198
JVASP-38019_Cu_b_2,0.028036,-0.0013486221432685852
JVASP-42465_Ni_i_1,0.00202,0.02230153977870941
JVASP-50851_Ni_d_0,0.000442,-0.010596945881843567
JVASP-55158_Cu_a_3,0.000372,-0.0032925009727478027
JVASP-7630_B_d_0,0.000558,1.5148396492004395
JVASP-7678_Se_b_8,0.000906,1.6188218593597412
JVASP-79137_Pd_a_3,0.004787,0.006537199020385742
JVASP-7957_Fe_c_2,0.002681,0.028572648763656616
JVASP-8158_Si_d_0,0.001234,2.038358211517334
JVASP-8222_Cu_a_4,0.002922,0.03036876767873764
JVASP-85876_Cu_g_1,0.002065,0.003503859043121338
JVASP-96839_H_g_10,0.004286,3.052603006362915
JVASP-13514_Te_e_6,0.059769,0.08936706185340881
JVASP-13526_Br_j_8,0.000503,3.787966728210449
JVASP-13632_Cl_k_8,0.003203,0.03247390687465668
JVASP-27724_Te_d_18,0.00251,0.19422227144241333
JVASP-27780_Se_n_12,0.098861,0.044991396367549896
JVASP-60244_Fe_a_0,0.00432,0.005366496741771698
JVASP-60497_Fe_c_0,0.007886,0.055733561515808105
JVASP-664_S_h_16,0.814111,1.2258431911468506
JVASP-5935_Ni_a_0,0.000706,1.0696638822555542
JVASP-5977_Ni_a_0,0.0061,-0.0014292821288108826
JVASP-6742_Fe_c_0,0.008228,0.05515486001968384
JVASP-780_Ti_a_0,0.006232,0.04012095928192139
JVASP-1002_Si_b_0,0.003056,0.45651745796203613
JVASP-890_Ge_b_0,0.01512,-0.005437016487121582
JVASP-14606_Ag_a_0,0.004009,0.0006144344806671143
JVASP-828_B_h_0,0.000425,1.396491289138794
JVASP-25250_N_f_0,0.000273,5.732834339141846
JVASP-25388_Rb_c_0,0.004826,0.1412164866924286
JVASP-33718_F_f_0,0.000126,2.4669113159179688
JVASP-840_Br_f_0,0.000388,0.02388140559196472
JVASP-1029_Ti_d_12,0.000554,0.009633421897888184
JVASP-1180_N_b_36,0.000277,0.02479836344718933
JVASP-11956_Ni_a_27,0.001347,-0.0030559003353118896
JVASP-1216_Cu_c_0,0.000159,0.04814058542251587
JVASP-15000_Al_a_0,0.001128,0.03663244843482971
JVASP-19673_Fe_a_27,0.000124,-0.004842095077037811
JVASP-20253_Al_a_18,0.000817,-0.004161089658737183
JVASP-37599_Ti_c_0,0.000248,-0.00042307376861572266
JVASP-57_Mo_c_0,0.009875,0.9370746612548828
JVASP-79137_Pd_a_12,0.001158,-0.01329389214515686
JVASP-96839_H_g_80,0.002122,3.175041913986206
JVASP-101250_Mn_a_0,0.001338,0.4576980471611023
JVASP-101260_Mn_b_0,0.000786,0.54314124584198
JVASP-103152_Co_a_0,0.010772,0.71024489402771
JVASP-106858_Na_a_0,0.000189,0.15771670639514923
JVASP-107385_O_c_8,0.000517,0.2517583668231964
JVASP-12019_O_i_9,0.001126,0.5578833818435669
JVASP-12195_Ni_c_9,0.000859,1.3704928159713745
JVASP-1285_O_e_18,0.351498,2.2520041465759277
JVASP-17253_O_c_8,0.001063,0.9335097074508667
JVASP-18430_Fe_a_0,0.001641,0.6961914300918579
JVASP-186_O_i_18,0.001306,0.30074557662010193
JVASP-18888_O_g_24,0.000574,0.0025521889328956604
JVASP-234_Ni_a_9,0.000855,1.3754611015319824
JVASP-237_O_c_24,1.07466,1.5686931610107422
JVASP-51876_O_f_16,5.514721,5.526180267333984
JVASP-53976_O_f_16,5.516684,5.507728576660156
JVASP-8065_Ge_a_0,0.000316,1.2060205936431885
JVASP-8247_Ni_a_0,0.00032,0.5745171308517456
JVASP-8253_Co_a_0,0.000199,0.7541595697402954
JVASP-8265_O_c_8,0.000209,0.5455796122550964
JVASP-8392_Ni_a_9,0.000854,1.3725441694259644
JVASP-8638_O_c_8,0.000146,0.5492397546768188
JVASP-90143_O_c_24,7.160468,3.157567024230957
JVASP-93342_Ge_a_0,1.2e-05,1.206305742263794
JVASP-93460_Mn_a_0,0.000481,0.01628953218460083
JVASP-93954_Mn_a_0,5.6e-05,0.018945254385471344
JVASP-94296_C_a_0,0.001417,5.50596809387207
JVASP-94423_Cr_a_0,0.00042,0.061141952872276306
JVASP-1130_F_b_8,0.00241,7.588077545166016
JVASP-1180_In_b_0,0.000661,0.2975032925605774
JVASP-11959_Ni_e_8,0.004879,-0.0046934932470321655
JVASP-11963_Al_b_4,0.001486,0.02108931541442871
JVASP-11965_Al_k_1,0.005726,0.002725943922996521
JVASP-11968_Ni_c_8,0.008468,0.00606006383895874
JVASP-11981_Al_a_6,0.002171,0.010604709386825562
JVASP-1216_O_a_4,0.002805,0.029129456728696823
JVASP-1312_P_d_8,0.001025,1.1935497522354126
JVASP-1393_P_d_8,0.002469,1.2497785091400146
JVASP-1405_O_b_8,0.019868,3.646331310272217
JVASP-1453_Al_b_0,0.000524,0.00392894446849823
JVASP-14739_Ni_h_2,0.000316,-0.0020094960927963257
JVASP-14971_Al_a_0,0.001466,0.011050283908843994
JVASP-16660_Al_j_8,0.013434,-0.005352884531021118
JVASP-16852_Al_e_0,0.010075,-0.004414744675159454
JVASP-17185_Fe_g_0,0.001543,-0.018303312361240387
JVASP-17422_Ni_h_12,0.000318,-0.0004004836082458496
JVASP-17864_Fe_c_0,0.001457,0.010076981037855148
JVASP-18691_Zr_a_0,0.002457,0.001158386468887329
JVASP-18825_Al_a_0,0.002044,0.014625221490859985
JVASP-19613_Al_d_1,0.006376,0.010815829038619995
JVASP-19729_Ni_a_8,0.009194,0.007471650838851929
JVASP-19834_Nb_c_0,0.001724,0.009187757968902588
JVASP-20211_Al_b_4,0.001486,0.021089300513267517
JVASP-20259_Al_a_0,0.009468,0.006293214857578278
JVASP-20436_Fe_a_0,0.000642,0.0012974515557289124
JVASP-20472_Al_b_4,0.001487,0.02108938992023468
JVASP-20482_C_a_8,0.002016,0.0009254664182662964
JVASP-20524_Al_a_4,0.001124,0.004555076360702515
JVASP-20628_Ni_d_16,0.000495,0.010638684034347534
JVASP-26272_Al_d_8,0.003949,0.0022581815719604492
JVASP-30_Ga_b_0,0.0016,1.8471521139144897
JVASP-37045_Ti_a_2,0.002388,0.017066985368728638
JVASP-3717_H_e_2,0.000807,3.069922924041748
JVASP-37599_Nb_a_3,0.003919,0.0076142847537994385
JVASP-37857_Cu_d_0,0.002364,0.020872294902801514
JVASP-37996_Fe_d_3,0.000546,0.014297425746917725
JVASP-38020_Al_b_0,0.008308,0.015691161155700684
JVASP-42465_Cr_a_0,0.000381,0.02054697275161743
JVASP-54444_Fe_c_3,0.000212,-0.006333578377962112
JVASP-59544_Fe_b_1,0.000409,0.01673327386379242
JVASP-7630_As_a_8,0.002507,1.3896355628967285
JVASP-7844_Al_a_0,0.000848,3.4105842113494873
JVASP-7937_Fe_a_0,0.001719,0.583443284034729
JVASP-7957_Al_a_0,0.00145,0.016159459948539734
JVASP-8158_C_a_8,0.001857,1.8918111324310303
JVASP-85865_Ga_c_0,0.002002,-0.0029350221157073975
JVASP-86371_Al_d_0,0.000716,0.004435263574123383
JVASP-95_S_b_2,0.417027,0.7474226951599121
JVASP-96839_H_h_6,0.016069,2.8679611682891846
JVASP-13514_Zr_b_0,0.013624,0.06204129755496979
JVASP-13536_Sb_d_9,0.000445,0.05209498107433319
JVASP-14431_Se_c_18,0.001149,0.001409873366355896
JVASP-27780_Zr_b_0,0.00178,0.04271542280912399
JVASP-27862_As_d_0,0.002006,0.038112711161375046
JVASP-60477_Cl_k_8,0.001526,0.006729841232299805
JVASP-60525_Ag_b_4,0.000157,0.6017118692398071
JVASP-667_C_c_0,0.587496,0.05922591686248779
JVASP-5944_S_h_18,1.658051,1.9031788110733032
JVASP-5977_Te_d_9,0.226312,0.0039665549993515015
JVASP-680_Se_d_9,0.001381,0.015910953283309937
JVASP-780_Te_d_9,0.002211,-0.00408250093460083
