name,formula,scf_vbm,scf_cbm,scf_gap_raw_eV,scf_gap_clipped_eV,sk_bandgap_eV,dft_bandgap_eV,residual_eV
Surface-JVASP-15348_miller_1_1_0_thickness_16_VASP_PBE_noDP,BeAlB,7.388,7.286,-0.102,0.0,0.0042,0.012900000000000134,-0.008700000000000135
Surface-JVASP-63938_miller_1_1_0_thickness_16_VASP_PBE_noDP,BaNaBr,1.924,1.315,-0.609,0.0,0.0025,0.027000000000000024,-0.024500000000000025
Surface-JVASP-7844_miller_1_1_0_thickness_16_VASP_PBE_noDP,AlN,9.168,5.622,-3.546,0.0,4.1769,2.5884,1.5884999999999998
Surface-JVASP-8047_miller_1_1_0_thickness_16_VASP_PBE_noDP,ZnSe,2.477,1.222,-1.255,0.0,4.2398,1.9624000000000001,2.2773999999999996
Surface-JVASP-8182_miller_1_1_0_thickness_16_VASP_PBE_noDP,AlP,6.41,4.36,-2.05,0.0,2.9505,2.0059,0.9445999999999999
Surface-JVASP-85122_miller_1_1_0_thickness_16_VASP_PBE_noDP,InP,5.004,4.629,-0.375,0.0,3.3173,1.3068,2.0105
Surface-JVASP-96_miller_0_0_1_thickness_16_VASP_PBE_noDP,ZnSe,2.426,1.202,-1.224,0.0,1.0807,0.018299999999999983,1.0624
Surface-JVASP-8182_miller_1_1_0_thickness_16_VASP_PBE,AlP,6.41,4.36,-2.05,0.0,2.9509,2.0057,0.9451999999999998
Surface-JVASP-85122_miller_1_1_0_thickness_16_VASP_PBE,InP,5.004,4.629,-0.375,0.0,3.3183,1.3122,2.0061
Surface-JVASP-96_miller_0_0_1_thickness_16_VASP_PBE,ZnSe,2.426,1.202,-1.224,0.0,1.4886,0.049900000000000055,1.4386999999999999
Surface-JVASP-1327_miller_1_0_0_thickness_16_VASP_PBE_noDP,AlP,6.054,4.26,-1.794,0.0,1.2483,0.03389999999999993,1.2144
Surface-JVASP-22685_miller_1_1_0_thickness_16_VASP_PBE_noDP,CdTe,1.776,2.302,0.526,0.526,3.799,1.4843000000000002,2.3146999999999998
Surface-JVASP-35711_miller_1_1_0_thickness_16_VASP_PBE_noDP,GaSb,4.454,4.453,-0.001,0.0,1.5486,0.9189,0.6296999999999999
Surface-JVASP-36408_miller_0_0_1_thickness_16_VASP_PBE_noDP,SnC,8.324,7.576,-0.748,0.0,0.0687,0.039699999999999847,0.02900000000000015
Surface-JVASP-36873_miller_0_0_1_thickness_16_VASP_PBE_noDP,BSb,8.111,7.166,-0.945,0.0,0.0101,0.04200000000000004,-0.03190000000000004
Surface-JVASP-7844_miller_1_1_0_thickness_16_VASP_PBE,AlN,9.168,5.622,-3.546,0.0,4.1678,2.5846999999999998,1.5831
Surface-JVASP-8047_miller_1_1_0_thickness_16_VASP_PBE,ZnSe,2.477,1.222,-1.255,0.0,4.3439,1.8481999999999998,2.4957
Surface-JVASP-1002_miller_0_0_1_thickness_16_VASP_R2SCAN,Si,6.19,5.459,-0.731,0.0,0.0361,0.0040999999999999925,0.03200000000000001
Surface-JVASP-1002_miller_1_1_0_thickness_16_VASP_R2SCAN,Si,6.19,5.459,-0.731,0.0,0.3161,0.0572,0.2589
Surface-JVASP-816_miller_1_1_0_thickness_16_VASP_R2SCAN,Al,3.468,20.232,16.764,16.764,0.0032,0.015600000000000058,-0.012400000000000059
Surface-JVASP-963_miller_0_0_1_thickness_16_VASP_R2SCAN,Pd,7.917,9.431,1.514,1.514,0.002,0.001100000000000101,0.0008999999999998991
Surface-JVASP-813_miller_1_1_0_thickness_16_VASP_R2SCAN,Ag,4.194,13.371,9.177,9.177,0.0264,0.0008000000000001339,0.025599999999999866
Surface-JVASP-14837_miller_1_1_0_thickness_16_VASP_R2SCAN,V,4.618,9.431,4.813,4.813,0.001,0.0027000000000000357,-0.0017000000000000357
Surface-JVASP-890_miller_0_0_1_thickness_16_VASP_R2SCAN,Ge,4.28,4.363,0.083,0.083,0.0008,0.0121,-0.0113
Surface-JVASP-62940_miller_0_0_1_thickness_16_VASP_R2SCAN,BN,6.564,2.104,-4.46,0.0,3.909,4.4123,-0.5033000000000003
Surface-JVASP-8003_miller_1_1_0_thickness_16_VASP_R2SCAN,CdS,1.818,0.825,-0.993,0.0,4.0464,1.3723,2.6741
Surface-JVASP-96_miller_1_1_1_thickness_16_VASP_R2SCAN,ZnSe,2.426,1.202,-1.224,0.0,0.6455,0.014499999999999957,0.631
Surface-JVASP-133719_miller_0_0_1_thickness_16_VASP_R2SCAN,BAs,6.984,5.688,-1.296,0.0,0.0119,0.05800000000000005,-0.04610000000000005
Surface-JVASP-1327_miller_0_0_1_thickness_16_VASP_R2SCAN,AlP,6.054,4.26,-1.794,0.0,1.2619,0.08890000000000009,1.173
Surface-JVASP-8184_miller_0_0_1_thickness_16_VASP_R2SCAN,GaP,5.657,4.395,-1.262,0.0,0.0069,0.03510000000000002,-0.02820000000000002
Surface-JVASP-1177_miller_1_1_1_thickness_16_VASP_R2SCAN,GaSb,4.35,4.35,0.0,0.0,0.876,0.0746,0.8014
Surface-JVASP-91_miller_1_1_1_thickness_16_VASP_R2SCAN,C,13.914,9.457,-4.457,0.0,0.0006,0.12860000000000005,-0.12800000000000006
Surface-JVASP-8118_miller_1_1_0_thickness_16_VASP_R2SCAN,SiC,10.545,7.927,-2.618,0.0,2.0935,1.4833,0.6102000000000001
Surface-JVASP-36403_miller_1_1_0_thickness_16_VASP_R2SCAN,SiSn,5.588,5.34,-0.248,0.0,0.4737,0.021799999999999986,0.4519
Surface-JVASP-30_miller_0_0_1_thickness_16_VASP_R2SCAN,GaN,6.834,4.891,-1.943,0.0,2.6732,0.011200000000000099,2.662
Surface-JVASP-1177_miller_1_1_0_thickness_16_VASP_PBE,GaSb,4.35,4.35,0.0,0.0,0.6462,0.07120000000000001,0.575
Surface-JVASP-1192_miller_0_0_1_thickness_16_VASP_PBE,CdSe,0.871,0.416,-0.455,0.0,1.2073,0.034600000000000186,1.1726999999999999
Surface-JVASP-1408_miller_0_0_1_thickness_16_VASP_PBE,AlSb,5.611,4.289,-1.322,0.0,0.8879,0.002100000000000102,0.8857999999999999
Surface-JVASP-30_miller_1_0_0_thickness_16_VASP_PBE,GaN,6.834,4.891,-1.943,0.0,0.0058,0.008999999999999897,-0.0031999999999998974
Surface-JVASP-36119_miller_1_1_0_thickness_16_VASP_PBE,InAs,3.822,3.822,0.0,0.0,2.1791,0.9512,1.2279
Surface-JVASP-37905_miller_1_1_0_thickness_16_VASP_PBE,BAs,7.282,5.922,-1.36,0.0,1.1705,1.145,0.025500000000000078
Surface-JVASP-858_miller_1_0_0_x1015_thickness_16_VASP_R2SCAN_R2SCAN,Co,9.212,11.468,2.256,2.256,0.0014,0.0004999999999997229,0.0009000000000002771
Surface-JVASP-895_miller_1_0_1_x1015_thickness_16_VASP_R2SCAN_R2SCAN,I,3.494,2.579,-0.915,0.0,1.5684,0.6763,0.8921
Surface-JVASP-816_miller_1_0_0_x1015_thickness_16_VASP_R2SCAN_R2SCAN,Al,3.468,20.232,16.764,16.764,0.0038,0.00010000000000021103,0.003699999999999789
Surface-JVASP-993_miller_1_1_0_x1015_thickness_16_VASP_R2SCAN_R2SCAN,Sb,6.324,6.465,0.141,0.141,0.0022,0.013599999999999945,-0.011399999999999945
Surface-JVASP-816_miller_1_1_0_x1015_thickness_16_VASP_R2SCAN_R2SCAN,Al,3.468,20.232,16.764,16.764,0.0049,0.014200000000000212,-0.009300000000000213
Surface-JVASP-993_miller_0_0_1_x1015_thickness_16_VASP_R2SCAN_R2SCAN,Sb,6.324,6.465,0.141,0.141,0.0093,0.05909999999999993,-0.04979999999999993
Surface-JVASP-840_miller_0_0_1_x1015_thickness_16_VASP_R2SCAN_R2SCAN,Br,1.396,0.088,-1.308,0.0,0.0003,0.0052000000000003155,-0.0049000000000003156
Surface-JVASP-984_miller_1_1_0_x1015_thickness_16_VASP_R2SCAN_R2SCAN,Rh,9.542,12.383,2.841,2.841,0.0006,0.01810000000000045,-0.01750000000000045
Surface-JVASP-963_miller_1_0_0_x1015_thickness_16_VASP_R2SCAN_R2SCAN,Pd,7.917,9.431,1.514,1.514,0.0002,0.0015000000000000568,-0.0013000000000000568
Surface-JVASP-1029_miller_1_1_1_x1015_thickness_16_VASP_R2SCAN_R2SCAN,Ti,5.807,6.174,0.367,0.367,0.0012,0.0007000000000000339,0.000499999999999966
Surface-JVASP-21195_miller_1_1_0_x1015_thickness_16_VASP_R2SCAN_R2SCAN,Mo,10.564,15.761,5.197,5.197,0.0015,0.0022999999999999687,-0.0007999999999999687
Surface-JVASP-1109_miller_0_0_1_thickness_16_VASP_PBE_noDP,SnS,6.392,5.375,-1.017,0.0,1.203,1.0992000000000002,0.10379999999999989
Surface-JVASP-105410_miller_1_1_0_thickness_16_VASP_PBE,SiGe,5.714,5.02,-0.694,0.0,0.4179,0.026299999999999997,0.3916
Surface-JVASP-1702_miller_1_1_0_thickness_16_VASP_PBE_noDP,ZnS,3.883,1.796,-2.087,0.0,4.0239,2.1822,1.8417000000000003
Surface-JVASP-107_miller_1_1_0_thickness_16_VASP_PBE_noDP,SiC,10.349,7.855,-2.494,0.0,1.7954,0.9831000000000001,0.8123
Surface-JVASP-66581_miller_1_1_0_thickness_16_VASP_PBE_noDP,BaInSb,3.369,2.945,-0.424,0.0,0.3698,0.2971999999999999,0.07260000000000011
Surface-JVASP-75493_miller_1_1_0_thickness_16_VASP_PBE_noDP,LiSnAs,5.38,5.257,-0.123,0.0,1.4019,0.3098000000000001,1.0920999999999998
Surface-JVASP-1321_miller_1_1_0_thickness_16_VASP_PBE_noDP,BeSe,5.442,2.594,-2.848,0.0,3.6003,2.1411,1.4592
Surface-JVASP-105933_miller_1_1_0_thickness_16_VASP_PBE_noDP,LiMgSb,4.438,3.048,-1.39,0.0,2.475,1.1271,1.3479
Surface-JVASP-1948_miller_1_1_0_thickness_16_VASP_PBE_noDP,CuBr,3.319,2.687,-0.632,0.0,0.8284,0.7475,0.08089999999999997
Surface-JVASP-1441_miller_1_1_0_thickness_16_VASP_PBE_noDP,ScNiSb,7.482,7.22,-0.262,0.0,0.278,0.13170000000000004,0.14629999999999999
Surface-JVASP-101231_miller_1_1_0_thickness_16_VASP_PBE_noDP,BaNaTiNbO6,3.681,2.084,-1.597,0.0,4.7523,0.07289999999999996,4.6794
Surface-JVASP-1555_miller_1_1_0_thickness_16_VASP_PBE_noDP,LiZnN,3.925,3.1,-0.825,0.0,1.6206,0.5382,1.0824
Surface-JVASP-1029_miller_0_0_1_thickness_16_VASP_PBE,Ti,5.807,6.174,0.367,0.367,0.0003,0.001100000000000101,-0.000800000000000101
Surface-JVASP-1186_miller_1_1_0_thickness_16_VASP_PBE_noDP,InAs,3.774,3.774,0.0,0.0,1.5095,0.3834,1.1261
Surface-JVASP-107095_miller_1_1_0_thickness_16_VASP_PBE_noDP,LiSiB,7.434,7.016,-0.418,0.0,0.083,0.04180000000000006,0.041199999999999945
Surface-JVASP-7761_miller_1_1_0_thickness_16_VASP_PBE_noDP,MgS,4.328,0.746,-3.582,0.0,5.681,2.9402,2.7408
Surface-JVASP-7820_miller_1_1_0_thickness_16_VASP_PBE_noDP,Li2CuSb,6.907,6.299,-0.608,0.0,0.0335,0.21039999999999992,-0.17689999999999992
Surface-JVASP-52585_miller_1_1_0_thickness_16_VASP_PBE_noDP,AgI,3.834,2.575,-1.259,0.0,3.1384,1.5637,1.5746999999999998
Surface-JVASP-78441_miller_1_1_0_thickness_16_VASP_PBE_noDP,CdSe,0.871,0.416,-0.455,0.0,2.7255,0.9985999999999999,1.7268999999999999
Surface-JVASP-78585_miller_1_1_0_thickness_16_VASP_PBE_noDP,VSiRh,7.821,7.431,-0.39,0.0,0.0004,0.04859999999999998,-0.04819999999999998
Surface-JVASP-78857_miller_1_1_0_thickness_16_VASP_PBE_noDP,NbCoSn,8.406,7.349,-1.057,0.0,0.0007,0.02950000000000008,-0.028800000000000082
Surface-JVASP-107_miller_0_0_1_thickness_16_VASP_PBE,SiC,10.349,7.855,-2.494,0.0,0.0099,0.09240000000000004,-0.08250000000000003
Surface-JVASP-36403_miller_1_1_0_thickness_16_VASP_PBE_noDP,SiSn,5.588,5.34,-0.248,0.0,0.488,0.05259999999999998,0.4354
Surface-JVASP-54897_miller_1_1_0_thickness_16_VASP_PBE_noDP,ZnTe,3.799,2.742,-1.057,0.0,2.6401,1.4257,1.2144
Surface-JVASP-22552_miller_1_1_0_thickness_16_VASP_PBE_noDP,NbSbRu,7.855,8.224,0.369,0.369,0.0014,0.03529999999999989,-0.03389999999999989
Surface-JVASP-40775_miller_1_1_0_thickness_16_VASP_PBE_noDP,TiFeSe,8.87,7.845,-1.025,0.0,0.3562,0.10550000000000015,0.25069999999999987
Surface-JVASP-40476_miller_1_1_0_thickness_16_VASP_PBE_noDP,LiCuS,5.848,4.822,-1.026,0.0,0.7755,0.9610999999999998,-0.18559999999999988
Surface-JVASP-40117_miller_1_1_0_thickness_16_VASP_PBE_noDP,AgBr,2.202,1.171,-1.031,0.0,1.748,0.7121000000000002,1.0358999999999998
Surface-JVASP-40800_miller_1_1_0_thickness_16_VASP_PBE_noDP,ZrSnPd,9.085,8.591,-0.494,0.0,0.0007,0.03180000000000005,-0.03110000000000005
Surface-JVASP-40811_miller_1_1_0_thickness_16_VASP_PBE_noDP,LiZnP,5.013,3.786,-1.227,0.0,1.9501,1.2398,0.7102999999999999
Surface-JVASP-40763_miller_1_1_0_thickness_16_VASP_PBE_noDP,KBaP,3.199,1.981,-1.218,0.0,2.1462,0.15,1.9962
Surface-JVASP-37048_miller_1_1_0_thickness_16_VASP_PBE_noDP,Ti2MnAl,7.52,7.35,-0.17,0.0,0.0016,0.06820000000000004,-0.06660000000000003
Surface-JVASP-108570_miller_1_1_0_thickness_16_VASP_PBE_noDP,LiZnSb,4.36,3.89,-0.47,0.0,1.181,0.6547000000000001,0.5263
Surface-JVASP-109392_miller_1_1_0_thickness_16_VASP_PBE_noDP,Li2SO4,2.668,-1.137,-3.805,0.0,0.7341,0.08479999999999999,0.6493
Surface-JVASP-110330_miller_1_1_0_thickness_16_VASP_PBE_noDP,VSnRh,8.105,7.609,-0.496,0.0,0.0071,0.02719999999999989,-0.02009999999999989
Surface-JVASP-114592_miller_1_1_0_thickness_16_VASP_PBE_noDP,BaZnTe,2.758,0.988,-1.77,0.0,1.8277,1.6526999999999998,0.17500000000000027
Surface-JVASP-114037_miller_1_1_0_thickness_16_VASP_PBE_noDP,BaCdSe,2.171,0.59,-1.581,0.0,2.0036,1.4926,0.5110000000000001
Surface-JVASP-117700_miller_1_1_0_thickness_16_VASP_PBE_noDP,BeS,6.665,3.418,-3.247,0.0,4.513,0.9855,3.5275
Surface-JVASP-135531_miller_1_1_0_thickness_16_VASP_PBE_noDP,NaSrP,2.777,1.186,-1.591,0.0,3.1148,0.9466,2.1681999999999997
Surface-JVASP-135879_miller_1_1_0_thickness_16_VASP_PBE_noDP,BaSO4,5.179,0.849,-4.33,0.0,1.4689,0.028000000000000025,1.4409
Surface-JVASP-134866_miller_1_1_0_thickness_16_VASP_PBE_noDP,YSF,5.706,1.444,-4.262,0.0,4.9995,3.4411,1.5584000000000002
Surface-JVASP-43629_miller_1_0_0_thickness_16_VASP_PBE_noDP,MgO,4.106,0.249,-3.857,0.0,5.4395,1.2197,4.219799999999999
Surface-JVASP-107_miller_1_0_0_thickness_16_VASP_PBE_noDP,SiC,10.349,7.855,-2.494,0.0,0.0007,0.06639999999999979,-0.06569999999999979
Surface-JVASP-102236_miller_1_0_0_thickness_16_VASP_PBE_noDP,NaFeN,5.374,4.968,-0.406,0.0,0.0001,0.010299999999999976,-0.010199999999999976
Surface-JVASP-102823_miller_1_0_0_thickness_16_VASP_PBE_noDP,NaSrN,1.97,1.681,-0.289,0.0,1.8739,0.019600000000000006,1.8542999999999998
Surface-JVASP-7757_miller_1_0_0_thickness_16_VASP_PBE_noDP,CdTe,2.302,1.776,-0.526,0.0,2.8898,0.9616,1.9282000000000001
Surface-JVASP-8182_miller_1_0_0_thickness_16_VASP_PBE_noDP,AlP,6.41,4.36,-2.05,0.0,3.1001,1.9087,1.1913999999999998
Surface-JVASP-7648_miller_1_0_0_thickness_16_VASP_PBE_noDP,ZnS,3.91,1.798,-2.112,0.0,3.7339,0.15420000000000003,3.5797000000000003
Surface-JVASP-45318_miller_1_0_0_thickness_16_VASP_PBE_noDP,Na6ZnS4,3.152,0.916,-2.236,0.0,3.7142,1.9109,1.8033
Surface-JVASP-49209_miller_1_0_0_thickness_16_VASP_PBE_noDP,Na6MnSe4,2.682,1.407,-1.275,0.0,0.0031,0.8903,-0.8872
Surface-JVASP-85122_miller_1_0_0_thickness_16_VASP_PBE_noDP,InP,5.004,4.629,-0.375,0.0,3.1193,0.7248,2.3945
Surface-JVASP-80722_miller_1_0_0_thickness_16_VASP_PBE_noDP,AgH,6.734,5.939,-0.795,0.0,1.1826,0.8027999999999997,0.37980000000000036
Surface-JVASP-57695_miller_1_0_0_thickness_16_VASP_PBE_noDP,BN,12.674,7.242,-5.432,0.0,3.3607,3.9511000000000003,-0.5904000000000003
Surface-JVASP-36204_miller_1_0_0_thickness_16_VASP_PBE_noDP,BP,8.847,7.47,-1.377,0.0,1.3364,0.6489,0.6875
Surface-JVASP-23901_miller_1_0_0_thickness_16_VASP_PBE_noDP,Ca4Cl6O,1.16,6.713,5.553,5.553,7.2908,2.9558999999999997,4.3349
Surface-JVASP-37905_miller_1_0_0_thickness_16_VASP_PBE_noDP,BAs,7.282,5.922,-1.36,0.0,0.7834,0.4781000000000001,0.3052999999999999
Surface-JVASP-21263_miller_1_0_0_thickness_16_VASP_PBE_noDP,Na6MnS4,3.516,1.989,-1.527,0.0,0.003,0.9762,-0.9732
Surface-JVASP-8209_miller_1_0_0_thickness_16_VASP_PBE_noDP,LiBeSb,6.904,5.771,-1.133,0.0,0.8129,0.02320000000000011,0.7896999999999998
Surface-JVASP-49210_miller_1_0_0_thickness_16_VASP_PBE_noDP,Na6MnTe4,3.66,2.208,-1.452,0.0,0.0037,1.2869,-1.2832
Surface-JVASP-34040_miller_1_0_0_thickness_16_VASP_PBE_noDP,TeMoS,8.233,7.641,-0.592,0.0,0.004,0.012499999999999734,-0.008499999999999733
Surface-JVASP-10591_miller_1_0_0_thickness_16_VASP_PBE_noDP,ZnS,3.899,1.796,-2.103,0.0,3.6908,0.2918,3.399
Surface-JVASP-140612_miller_1_0_0_thickness_16_VASP_PBE_noDP,TiMn3O8,4.04,3.243,-0.797,0.0,0.0014,0.045399999999999996,-0.044
Surface-JVASP-135775_miller_1_0_0_thickness_16_VASP_PBE_noDP,BN,12.731,7.279,-5.452,0.0,3.3738,3.7321,-0.35829999999999984
Surface-JVASP-145586_miller_1_0_0_thickness_16_VASP_PBE_noDP,Mn3SnO8,4.61,3.832,-0.778,0.0,0.0,0.2899,-0.2899
Surface-JVASP-66053_miller_1_1_0_thickness_16_VASP_PBE_noDP,BaGaSb,2.665,2.149,-0.516,0.0,0.208,0.16940000000000005,0.03859999999999994
Surface-JVASP-7630_miller_1_1_0_thickness_16_VASP_PBE_noDP,BAs,7.112,5.697,-1.415,0.0,0.6613,0.5748,0.08650000000000002
Surface-JVASP-79204_miller_1_1_0_thickness_16_VASP_PBE_noDP,BN,12.674,7.243,-5.431,0.0,3.3945,4.0332,-0.6387
Surface-JVASP-813_miller_1_1_1_thickness_16_VASP_PBE_noDP,Ag,4.194,13.371,9.177,9.177,0.0039,0.031399999999999983,-0.027499999999999983
Surface-JVASP-8183_miller_1_1_0_thickness_16_VASP_PBE_noDP,AlAs,5.399,3.592,-1.807,0.0,3.1713,1.8584000000000003,1.3128999999999997
Surface-JVASP-861_miller_0_0_1_thickness_16_VASP_PBE_noDP,Cr,10.023,13.39,3.367,3.367,0.0077,0.010299999999999976,-0.0025999999999999756
Surface-JVASP-984_miller_1_1_1_thickness_16_VASP_PBE_noDP,Rh,9.542,12.383,2.841,2.841,0.0052,0.011600000000000055,-0.006400000000000055
Surface-JVASP-8183_miller_1_1_0_thickness_16_VASP_PBE,AlAs,5.399,3.592,-1.807,0.0,3.1711,1.8589000000000002,1.3121999999999998
Surface-JVASP-861_miller_0_0_1_thickness_16_VASP_PBE,Cr,10.023,13.39,3.367,3.367,0.0013,0.009800000000000253,-0.008500000000000254
Surface-JVASP-1189_miller_1_1_0_thickness_16_VASP_PBE_noDP,InSb,4.351,4.351,0.0,0.0,1.4688,0.3112,1.1576000000000002
Surface-JVASP-1393_miller_1_1_0_thickness_16_VASP_PBE_noDP,GaP,5.776,4.294,-1.482,0.0,2.9216,1.225,1.6966
Surface-JVASP-23_miller_0_0_1_thickness_16_VASP_PBE_noDP,CdTe,2.253,1.755,-0.498,0.0,1.2372,0.013499999999999956,1.2237
Surface-JVASP-35748_miller_1_1_0_thickness_16_VASP_PBE_noDP,AlSb,5.451,4.393,-1.058,0.0,2.3689,1.3263,1.0426
Surface-JVASP-37905_miller_1_1_0_thickness_16_VASP_PBE_noDP,BAs,7.282,5.922,-1.36,0.0,1.1706,1.1447999999999998,0.025800000000000267
Surface-JVASP-7630_miller_1_1_0_thickness_16_VASP_PBE,BAs,7.112,5.697,-1.415,0.0,0.6584,0.5733999999999999,0.08500000000000008
Surface-JVASP-79204_miller_1_1_0_thickness_16_VASP_PBE,BN,12.674,7.243,-5.431,0.0,3.3945,4.0327,-0.6382000000000003
Surface-JVASP-813_miller_1_1_1_thickness_16_VASP_PBE,Ag,4.194,13.371,9.177,9.177,0.0016,0.025399999999999978,-0.023799999999999977
Surface-JVASP-867_miller_0_0_1_thickness_16_VASP_R2SCAN,Cu,4.358,12.889,8.531,8.531,0.0014,0.010200000000000209,-0.008800000000000209
Surface-JVASP-1002_miller_1_1_1_thickness_16_VASP_R2SCAN,Si,6.19,5.459,-0.731,0.0,0.0211,0.05810000000000004,-0.03700000000000004
Surface-JVASP-943_miller_0_0_1_thickness_16_VASP_R2SCAN,Ni,6.682,8.108,1.426,1.426,0.0006,0.0008999999999996788,-0.0002999999999996789
Surface-JVASP-963_miller_1_1_1_thickness_16_VASP_R2SCAN,Pd,7.917,9.431,1.514,1.514,0.0006,0.0034999999999998366,-0.0028999999999998367
Surface-JVASP-8158_miller_1_1_1_thickness_16_VASP_R2SCAN,SiC,9.408,7.788,-1.62,0.0,0.4914,0.008500000000000174,0.48289999999999983
Surface-JVASP-25142_miller_1_1_0_thickness_16_VASP_R2SCAN,Fe,10.216,12.135,1.919,1.919,0.0032,0.0026000000000001577,0.0005999999999998424
Surface-JVASP-890_miller_1_1_1_thickness_16_VASP_R2SCAN,Ge,4.28,4.363,0.083,0.083,0.0021,0.08329999999999993,-0.08119999999999993
Surface-JVASP-62940_miller_1_1_1_thickness_16_VASP_R2SCAN,BN,6.564,2.104,-4.46,0.0,4.0697,3.7995,0.2702
Surface-JVASP-1192_miller_1_1_0_thickness_16_VASP_R2SCAN,CdSe,0.871,0.416,-0.455,0.0,2.7218,1.0016999999999998,1.7201000000000002
Surface-JVASP-1312_miller_1_1_0_thickness_16_VASP_R2SCAN,BP,8.701,7.186,-1.515,0.0,1.5733,0.6058999999999999,0.9674
Surface-JVASP-36873_miller_1_1_1_thickness_16_VASP_R2SCAN,BSb,8.111,7.166,-0.945,0.0,0.0093,0.013800000000000034,-0.004500000000000035
Surface-JVASP-1372_miller_0_0_1_thickness_16_VASP_R2SCAN,AlAs,5.176,3.495,-1.681,0.0,0.0013,0.008499999999999999,-0.007199999999999999
Surface-JVASP-8184_miller_1_1_0_thickness_16_VASP_R2SCAN,GaP,5.657,4.395,-1.262,0.0,3.1277,1.6458000000000002,1.4818999999999998
Surface-JVASP-1180_miller_1_1_0_thickness_16_VASP_R2SCAN,InN,5.98,5.98,0.0,0.0,0.9989,0.333,0.6658999999999999
Surface-JVASP-91_miller_1_1_0_thickness_16_VASP_R2SCAN,C,13.914,9.457,-4.457,0.0,0.0104,0.18710000000000004,-0.17670000000000005
Surface-JVASP-107_miller_1_1_1_thickness_16_VASP_R2SCAN,SiC,10.349,7.855,-2.494,0.0,0.4394,0.21499999999999997,0.22440000000000004
Surface-JVASP-36403_miller_1_1_1_thickness_16_VASP_R2SCAN,SiSn,5.588,5.34,-0.248,0.0,0.0024,0.02799999999999997,-0.02559999999999997
Surface-JVASP-1186_miller_0_0_1_thickness_16_VASP_PBE_noDP,InAs,3.774,3.774,0.0,0.0,0.0016,0.009000000000000008,-0.007400000000000008
Surface-JVASP-1180_miller_0_0_1_thickness_16_VASP_PBE,InN,5.98,5.98,0.0,0.0,0.0004,0.025100000000000122,-0.02470000000000012
Surface-JVASP-1198_miller_0_0_1_thickness_16_VASP_PBE,ZnTe,3.797,2.741,-1.056,0.0,1.451,0.013499999999999845,1.4375000000000002
Surface-JVASP-17700_miller_1_1_0_thickness_16_VASP_PBE,InN,5.967,5.967,0.0,0.0,0.5287,0.2762999999999999,0.25240000000000007
Surface-JVASP-30_miller_1_1_0_thickness_16_VASP_PBE,GaN,6.834,4.891,-1.943,0.0,4.3976,1.461,2.9365999999999994
Surface-JVASP-36123_miller_1_1_0_thickness_16_VASP_PBE,InSb,4.414,4.414,0.0,0.0,1.8713,0.6676,1.2037
Surface-JVASP-10591_miller_0_0_1_thickness_16_VASP_PBE,ZnS,3.899,1.796,-2.103,0.0,3.9516,0.27799999999999997,3.6736
Surface-JVASP-858_miller_0_0_1_x1015_thickness_16_VASP_R2SCAN_R2SCAN,Co,9.212,11.468,2.256,2.256,0.0043,0.0029000000000003467,0.0013999999999996533
Surface-JVASP-840_miller_0_1_0_x1015_thickness_16_VASP_R2SCAN_R2SCAN,Br,1.396,0.088,-1.308,0.0,2.0036,0.06369999999999987,1.9399000000000002
Surface-JVASP-834_miller_1_1_0_x1015_thickness_16_VASP_R2SCAN_R2SCAN,Be,4.002,6.037,2.035,2.035,0.0281,0.013899999999999968,0.014200000000000032
Surface-JVASP-984_miller_1_0_0_x1015_thickness_16_VASP_R2SCAN_R2SCAN,Rh,9.542,12.383,2.841,2.841,0.0109,0.01580000000000048,-0.00490000000000048
Surface-JVASP-890_miller_1_0_0_x1015_thickness_16_VASP_R2SCAN_R2SCAN,Ge,4.28,4.363,0.083,0.083,0.0026,0.006099999999999994,-0.0034999999999999944
Surface-JVASP-816_miller_1_1_1_x1015_thickness_16_VASP_R2SCAN_R2SCAN,Al,3.468,20.232,16.764,16.764,0.0024,0.013199999999999878,-0.01079999999999988
Surface-JVASP-993_miller_1_0_0_x1015_thickness_16_VASP_R2SCAN_R2SCAN,Sb,6.324,6.465,0.141,0.141,0.0036,0.011200000000000099,-0.007600000000000099
Surface-JVASP-931_miller_0_0_1_x1015_thickness_16_VASP_R2SCAN_R2SCAN,Na,-1.901,2.451,4.352,4.352,0.0038,0.013000000000000012,-0.009200000000000012
Surface-JVASP-963_miller_1_1_0_x1015_thickness_16_VASP_R2SCAN_R2SCAN,Pd,7.917,9.431,1.514,1.514,0.0031,0.0005999999999999339,0.002500000000000066
Surface-JVASP-1029_miller_1_0_0_x1015_thickness_16_VASP_R2SCAN_R2SCAN,Ti,5.807,6.174,0.367,0.367,0.0006,0.00039999999999995595,0.000200000000000044
Surface-JVASP-1056_miller_1_1_0_x1015_thickness_16_VASP_R2SCAN_R2SCAN,Zn,-0.797,4.632,5.429,5.429,0.0043,0.0047000000000000375,-0.0004000000000000375
Surface-JVASP-21195_miller_1_1_1_x1015_thickness_16_VASP_R2SCAN_R2SCAN,Mo,10.564,15.761,5.197,5.197,0.002,0.0019999999999997797,2.203098814490545e-16
Surface-JVASP-107_miller_1_1_0_thickness_16_VASP_PBE,SiC,10.349,7.855,-2.494,0.0,2.1842,1.9326999999999996,0.2515000000000005
Surface-JVASP-1174_miller_0_0_1_thickness_16_VASP_PBE_noDP,GaAs,3.492,3.407,-0.085,0.0,0.0849,0.023600000000000003,0.0613
Surface-JVASP-1408_miller_1_1_0_thickness_16_VASP_PBE_noDP,AlSb,5.611,4.289,-1.322,0.0,1.9528,0.7662,1.1866
Surface-JVASP-105410_miller_0_0_1_thickness_16_VASP_PBE_noDP,SiGe,5.714,5.02,-0.694,0.0,0.0193,0.016800000000000037,0.002499999999999964
Surface-JVASP-1109_miller_1_0_0_thickness_16_VASP_PBE_noDP,SnS,6.392,5.375,-1.017,0.0,1.3471,1.1545999999999998,0.19250000000000012
Surface-JVASP-66546_miller_1_1_0_thickness_16_VASP_PBE_noDP,BaNaSb,2.178,1.485,-0.693,0.0,2.3029,0.9111,1.3918000000000001
Surface-JVASP-67988_miller_1_1_0_thickness_16_VASP_PBE_noDP,Na2BeGe,3.834,3.631,-0.203,0.0,0.0022,0.007800000000000029,-0.0056000000000000286
Surface-JVASP-70484_miller_1_1_0_thickness_16_VASP_PBE_noDP,Be2NbCo,6.216,5.725,-0.491,0.0,0.0011,0.11359999999999992,-0.11249999999999992
Surface-JVASP-1774_miller_1_1_0_thickness_16_VASP_PBE_noDP,MgSe,3.133,0.351,-2.782,0.0,5.0925,2.6763,2.4162000000000003
Surface-JVASP-1201_miller_1_1_0_thickness_16_VASP_PBE_noDP,CuCl,4.196,3.467,-0.729,0.0,0.7614,0.6177999999999999,0.14360000000000006
Surface-JVASP-1167_miller_1_1_0_thickness_16_VASP_PBE_noDP,BeS,6.755,3.36,-3.395,0.0,4.513,1.5829,2.9301
Surface-JVASP-104499_miller_1_1_0_thickness_16_VASP_PBE_noDP,KNaSe,2.426,0.231,-2.195,0.0,3.5744,1.3721999999999999,2.2022
Surface-JVASP-104498_miller_1_1_0_thickness_16_VASP_PBE_noDP,NaCaSb,4.238,3.378,-0.86,0.0,2.0422,0.8762999999999999,1.1659
Surface-JVASP-30_miller_1_0_0_thickness_16_VASP_PBE_noDP,GaN,6.834,4.891,-1.943,0.0,4.2487,1.4401000000000002,2.8086
Surface-JVASP-1408_miller_1_1_0_thickness_16_VASP_PBE,AlSb,5.611,4.289,-1.322,0.0,1.9527,0.7659,1.1868
Surface-JVASP-22735_miller_1_1_0_thickness_16_VASP_PBE_noDP,LiCaAs,1.227,3.11,1.883,1.883,2.6384,1.4859,1.1524999999999999
Surface-JVASP-7762_miller_1_1_0_thickness_16_VASP_PBE_noDP,MgTe,4.118,1.623,-2.495,0.0,4.4296,2.4528,1.9768
Surface-JVASP-22652_miller_1_1_0_thickness_16_VASP_PBE_noDP,ScSbPd,7.481,7.776,0.295,0.295,0.0748,0.06550000000000011,0.009299999999999892
Surface-JVASP-7706_miller_1_1_0_thickness_16_VASP_PBE_noDP,LiGaSi,5.64,5.414,-0.226,0.0,0.341,0.05799999999999994,0.2830000000000001
Surface-JVASP-8562_miller_1_1_0_thickness_16_VASP_PBE_noDP,CuI,5.31,4.06,-1.25,0.0,2.1134,1.1282999999999999,0.9851000000000001
Surface-JVASP-78746_miller_1_1_0_thickness_16_VASP_PBE_noDP,NaYSn,2.812,2.642,-0.17,0.0,0.003,0.0014000000000000679,0.0015999999999999322
Surface-JVASP-36018_miller_1_1_0_thickness_16_VASP_PBE_noDP,GeC,8.524,6.597,-1.927,0.0,1.6623,0.43179999999999985,1.2305000000000001
Surface-JVASP-78883_miller_1_1_0_thickness_16_VASP_PBE_noDP,LiMgSb,4.228,3.17,-1.058,0.0,2.0339,0.9174,1.1165
Surface-JVASP-22540_miller_1_1_0_thickness_16_VASP_PBE_noDP,LiMgP,2.544,4.283,1.739,1.739,3.0546,1.8703,1.1843000000000001
Surface-JVASP-22546_miller_1_1_0_thickness_16_VASP_PBE_noDP,LiMgN,2.626,5.412,2.786,2.786,2.7397,1.4634,1.2763
Surface-JVASP-31161_miller_1_1_0_thickness_16_VASP_PBE_noDP,LiMgP,4.283,2.544,-1.739,0.0,3.0534,1.8721,1.1812999999999998
Surface-JVASP-40776_miller_1_1_0_thickness_16_VASP_PBE_noDP,ZrSiPd,8.963,8.19,-0.773,0.0,0.096,0.23220000000000018,-0.13620000000000018
Surface-JVASP-40788_miller_1_1_0_thickness_16_VASP_PBE_noDP,TiFeTe,9.98,8.878,-1.102,0.0,0.4637,0.23950000000000005,0.22419999999999995
Surface-JVASP-40835_miller_1_1_0_thickness_16_VASP_PBE_noDP,LiCaRh,3.989,3.638,-0.351,0.0,0.005,0.021700000000000053,-0.01670000000000005
Surface-JVASP-40842_miller_1_1_0_thickness_16_VASP_PBE_noDP,BaNaSb,3.243,2.828,-0.415,0.0,1.5364,0.572,0.9644
Surface-JVASP-78357_miller_1_1_0_thickness_16_VASP_PBE_noDP,GaN,6.655,4.87,-1.785,0.0,4.2879,1.4131,2.8747999999999996
Surface-JVASP-40764_miller_1_1_0_thickness_16_VASP_PBE_noDP,ZrFeTe,11.187,9.974,-1.213,0.0,0.2697,0.03100000000000014,0.23869999999999986
Surface-JVASP-34397_miller_1_1_0_thickness_16_VASP_PBE_noDP,MoSBr,6.342,5.457,-0.885,0.0,0.005,0.08729999999999999,-0.08229999999999998
Surface-JVASP-109426_miller_1_1_0_thickness_16_VASP_PBE_noDP,TiTeRu,9.469,8.615,-0.854,0.0,0.0031,0.29179999999999984,-0.28869999999999985
Surface-JVASP-27401_miller_1_1_0_thickness_16_VASP_PBE_noDP,NbSbRu,8.224,7.855,-0.369,0.0,0.0014,0.0349999999999997,-0.0335999999999997
Surface-JVASP-116006_miller_1_1_0_thickness_16_VASP_PBE_noDP,LaOF,9.278,4.485,-4.793,0.0,6.035,0.8453999999999999,5.1896
Surface-JVASP-115436_miller_1_1_0_thickness_16_VASP_PBE_noDP,NaSrAs,2.152,0.854,-1.298,0.0,2.5068,0.8059000000000001,1.7009
Surface-JVASP-117621_miller_1_1_0_thickness_16_VASP_PBE_noDP,BaSe,1.696,-0.632,-2.328,0.0,3.6944,1.9406999999999999,1.7537
Surface-JVASP-118851_miller_1_1_0_thickness_16_VASP_PBE_noDP,NaCaAs,2.795,1.104,-1.691,0.0,2.6159,1.048,1.5678999999999998
Surface-JVASP-138743_miller_1_1_0_thickness_16_VASP_PBE_noDP,LiCuS,5.848,4.924,-0.924,0.0,0.7885,0.8900999999999999,-0.10159999999999991
Surface-JVASP-138301_miller_1_1_0_thickness_16_VASP_PBE_noDP,AgH,6.609,5.802,-0.807,0.0,0.629,0.7795,-0.15049999999999997
Surface-JVASP-149595_miller_1_1_0_thickness_16_VASP_PBE_noDP,ZnTe,3.737,2.756,-0.981,0.0,2.6424,1.4272,1.2151999999999998
Surface-JVASP-156490_miller_1_1_0_thickness_16_VASP_PBE_noDP,NbGaNi,5.913,5.688,-0.225,0.0,0.0073,0.05230000000000001,-0.04500000000000001
Surface-JVASP-90425_miller_1_0_0_thickness_16_VASP_PBE_noDP,ScAlCO,7.114,5.848,-1.266,0.0,0.7722,0.10549999999999993,0.6667000000000001
Surface-JVASP-98974_miller_1_0_0_thickness_16_VASP_PBE_noDP,K6CoSe4,1.74,1.276,-0.464,0.0,0.0027,0.3665,-0.3638
Surface-JVASP-103280_miller_1_0_0_thickness_16_VASP_PBE_noDP,MgS,4.411,0.825,-3.586,0.0,5.8405,3.1266,2.7138999999999998
Surface-JVASP-1195_miller_1_0_0_thickness_16_VASP_PBE_noDP,ZnO,1.682,0.717,-0.965,0.0,3.7761,0.8542999999999998,2.9218
Surface-JVASP-3075_miller_1_0_0_thickness_16_VASP_PBE_noDP,LiZnSb,5.074,4.552,-0.522,0.0,0.4787,0.0016999999999999238,0.4770000000000001
Surface-JVASP-8183_miller_1_0_0_thickness_16_VASP_PBE_noDP,AlAs,5.399,3.592,-1.807,0.0,2.8097,1.5894,1.2203
Surface-JVASP-27530_miller_1_0_0_thickness_16_VASP_PBE_noDP,Na6ZnS4,3.152,0.916,-2.236,0.0,3.7139,1.9105999999999999,1.8033000000000003
Surface-JVASP-7671_miller_1_0_0_thickness_16_VASP_PBE_noDP,CdSe,0.922,0.423,-0.499,0.0,2.7235,0.8956999999999999,1.8278
Surface-JVASP-31882_miller_1_0_0_thickness_16_VASP_PBE_noDP,FeN3ClO3,1.224,-0.07,-1.294,0.0,2.1901,1.3083,0.8818000000000001
Surface-JVASP-34228_miller_1_0_0_thickness_16_VASP_PBE_noDP,MgO,4.27,0.472,-3.798,0.0,5.9021,1.8855,4.0166
Surface-JVASP-50191_miller_1_0_0_thickness_16_VASP_PBE_noDP,Na6BeO4,3.371,1.083,-2.288,0.0,2.1656,1.0568,1.1088
Surface-JVASP-56190_miller_1_0_0_thickness_16_VASP_PBE_noDP,CuI,5.404,4.107,-1.297,0.0,2.0812,0.7088,1.3723999999999998
Surface-JVASP-54821_miller_1_0_0_thickness_16_VASP_PBE_noDP,LiI,4.827,0.274,-4.553,0.0,5.7608,3.5401999999999996,2.2206
Surface-JVASP-182_miller_1_0_0_thickness_16_VASP_PBE_noDP,SiC,10.136,7.834,-2.302,0.0,0.0004,0.01650000000000018,-0.01610000000000018
Surface-JVASP-35260_miller_1_0_0_thickness_16_VASP_PBE_noDP,Na6ZnSe4,2.338,0.583,-1.755,0.0,3.044,1.6198000000000001,1.4242
Surface-JVASP-49211_miller_1_0_0_thickness_16_VASP_PBE_noDP,K6CoS4,2.308,1.843,-0.465,0.0,0.0018,0.22809999999999997,-0.22629999999999997
Surface-JVASP-22618_miller_1_0_0_thickness_16_VASP_PBE_noDP,ZnS,1.806,3.945,2.139,2.139,3.9063,1.4693999999999998,2.4369
Surface-JVASP-57104_miller_1_0_0_thickness_16_VASP_PBE_noDP,ZnS,3.891,1.794,-2.097,0.0,3.8185,0.13789999999999997,3.6805999999999996
Surface-JVASP-49235_miller_1_0_0_thickness_16_VASP_PBE_noDP,Na3Ca3AlAs4,3.544,2.588,-0.956,0.0,2.0698,0.7211,1.3487
Surface-JVASP-55253_miller_1_0_0_thickness_16_VASP_PBE_noDP,K6MnSe4,2.02,0.795,-1.225,0.0,0.0025,0.9116,-0.9091
Surface-JVASP-142134_miller_1_0_0_thickness_16_VASP_PBE_noDP,K6ZnSe4,1.594,0.025,-1.569,0.0,3.3427,1.4504,1.8922999999999999
Surface-JVASP-134136_miller_1_0_0_thickness_16_VASP_PBE_noDP,BeSe,6.1,2.726,-3.374,0.0,3.8749,1.4906,2.3842999999999996
Surface-JVASP-151876_miller_1_0_0_thickness_16_VASP_PBE_noDP,AlPO4,3.725,-1.441,-5.166,0.0,7.5811,0.09079999999999977,7.4903
Surface-JVASP-1372_miller_1_1_0_thickness_16_VASP_PBE_noDP,AlAs,5.176,3.495,-1.681,0.0,2.6808,1.1611,1.5197
Surface-JVASP-7671_miller_1_1_0_thickness_16_VASP_PBE_noDP,CdSe,0.922,0.423,-0.499,0.0,3.1448,1.4281,1.7167000000000001
Surface-JVASP-7923_miller_1_1_0_thickness_16_VASP_PBE_noDP,ZnO,1.599,0.728,-0.871,0.0,3.7974,1.0607,2.7367
Surface-JVASP-8158_miller_0_0_1_thickness_16_VASP_PBE_noDP,SiC,9.408,7.788,-1.62,0.0,0.0051,0.006299999999999972,-0.001199999999999972
Surface-JVASP-8185_miller_1_1_0_thickness_16_VASP_PBE_noDP,GaAs,3.604,3.506,-0.098,0.0,2.8327,1.2628,1.5699
Surface-JVASP-890_miller_1_1_0_thickness_16_VASP_PBE_noDP,Ge,4.28,4.363,0.083,0.083,0.0934,0.009599999999999997,0.0838
Surface-JVASP-8158_miller_0_0_1_thickness_16_VASP_PBE,SiC,9.408,7.788,-1.62,0.0,0.0011,0.04139999999999988,-0.040299999999999885
Surface-JVASP-8185_miller_1_1_0_thickness_16_VASP_PBE,GaAs,3.604,3.506,-0.098,0.0,2.8225,1.2765,1.5459999999999998
Surface-JVASP-890_miller_1_1_0_thickness_16_VASP_PBE,Ge,4.28,4.363,0.083,0.083,0.0029,0.007500000000000007,-0.004600000000000007
Surface-JVASP-1192_miller_0_0_1_thickness_16_VASP_PBE_noDP,CdSe,0.871,0.416,-0.455,0.0,1.1953,0.007700000000000262,1.1875999999999998
Surface-JVASP-1408_miller_0_0_1_thickness_16_VASP_PBE_noDP,AlSb,5.611,4.289,-1.322,0.0,0.8694,0.0044000000000000705,0.8649999999999999
Surface-JVASP-23_miller_1_1_0_thickness_16_VASP_PBE_noDP,CdTe,2.253,1.755,-0.498,0.0,2.6094,0.9639,1.6455
Surface-JVASP-36119_miller_1_1_0_thickness_16_VASP_PBE_noDP,InAs,3.822,3.822,0.0,0.0,2.0935,0.8921000000000001,1.2014
Surface-JVASP-36123_miller_1_1_0_thickness_16_VASP_PBE_noDP,InSb,4.414,4.414,0.0,0.0,2.4191,0.8521000000000001,1.5669999999999997
Surface-JVASP-7671_miller_1_1_0_thickness_16_VASP_PBE,CdSe,0.922,0.423,-0.499,0.0,3.1406,1.4272999999999998,1.7133000000000003
Surface-JVASP-7923_miller_1_1_0_thickness_16_VASP_PBE,ZnO,1.599,0.728,-0.871,0.0,3.6057,0.976,2.6297
Surface-JVASP-943_miller_1_1_1_thickness_16_VASP_R2SCAN,Ni,6.682,8.108,1.426,1.426,0.0005,0.0030999999999999917,-0.0025999999999999916
Surface-JVASP-867_miller_1_1_0_thickness_16_VASP_R2SCAN,Cu,4.358,12.889,8.531,8.531,0.0148,0.007800000000000029,0.0069999999999999715
Surface-JVASP-816_miller_0_0_1_thickness_16_VASP_R2SCAN,Al,3.468,20.232,16.764,16.764,0.0052,0.012599999999999945,-0.007399999999999945
Surface-JVASP-1029_miller_1_1_1_thickness_16_VASP_R2SCAN,Ti,5.807,6.174,0.367,0.367,0.0017,0.0003999999999999976,0.0013000000000000023
Surface-JVASP-963_miller_1_1_0_thickness_16_VASP_R2SCAN,Pd,7.917,9.431,1.514,1.514,0.0012,0.00039999999999995595,0.000800000000000044
Surface-JVASP-8158_miller_1_1_0_thickness_16_VASP_R2SCAN,SiC,9.408,7.788,-1.62,0.0,1.1948,0.4014,0.7934000000000001
Surface-JVASP-919_miller_0_0_1_thickness_16_VASP_R2SCAN,Mg,1.108,3.45,2.342,2.342,0.0134,0.008599999999999997,0.004800000000000004
Surface-JVASP-39_miller_0_0_1_thickness_16_VASP_R2SCAN,AlN,10.306,5.832,-4.474,0.0,2.7038,0.008700000000000152,2.6951
Surface-JVASP-62940_miller_1_1_0_thickness_16_VASP_R2SCAN,BN,6.564,2.104,-4.46,0.0,4.0601,3.7324,0.3277000000000001
Surface-JVASP-1195_miller_1_1_0_thickness_16_VASP_R2SCAN,ZnO,1.682,0.717,-0.965,0.0,4.3611,1.2323,3.1288000000000005
Surface-JVASP-1312_miller_0_0_1_thickness_16_VASP_R2SCAN,BP,8.701,7.186,-1.515,0.0,0.0003,0.025700000000000056,-0.025400000000000054
Surface-JVASP-36873_miller_1_1_0_thickness_16_VASP_R2SCAN,BSb,8.111,7.166,-0.945,0.0,1.1069,0.3357000000000001,0.7711999999999999
Surface-JVASP-1372_miller_1_1_0_thickness_16_VASP_R2SCAN,AlAs,5.176,3.495,-1.681,0.0,2.6751,1.1836,1.4915
Surface-JVASP-1174_miller_1_1_1_thickness_16_VASP_R2SCAN,GaAs,3.492,3.407,-0.085,0.0,0.0028,0.005600000000000049,-0.0028000000000000494
Surface-JVASP-1183_miller_1_1_0_thickness_16_VASP_R2SCAN,InP,4.918,4.588,-0.33,0.0,2.8349,0.8698,1.9651
Surface-JVASP-8118_miller_0_0_1_thickness_16_VASP_R2SCAN,SiC,10.545,7.927,-2.618,0.0,0.1535,0.052000000000000046,0.10149999999999995
Surface-JVASP-36408_miller_1_1_0_thickness_16_VASP_R2SCAN,SnC,8.324,7.576,-0.748,0.0,1.9266,0.5093000000000001,1.4173
Surface-JVASP-1008_miller_1_1_0_thickness_16_VASP_R2SCAN,Sn,4.62,4.93,0.31,0.31,0.0014,0.007299999999999973,-0.005899999999999973
Surface-JVASP-1073_miller_1_1_0_thickness_16_VASP_PBE,SiGe,5.594,5.191,-0.403,0.0,0.2059,0.0398,0.1661
Surface-JVASP-1183_miller_0_0_1_thickness_16_VASP_PBE,InP,4.918,4.588,-0.33,0.0,1.3405,0.011200000000000043,1.3293
Surface-JVASP-1327_miller_1_0_0_thickness_16_VASP_PBE,AlP,6.054,4.26,-1.794,0.0,1.2543,0.03270000000000006,1.2216
Surface-JVASP-22685_miller_1_1_0_thickness_16_VASP_PBE,CdTe,1.776,2.302,0.526,0.526,3.7943,1.4832999999999998,2.311
Surface-JVASP-35711_miller_1_1_0_thickness_16_VASP_PBE,GaSb,4.454,4.453,-0.001,0.0,1.6037,0.9395999999999999,0.6641
Surface-JVASP-36204_miller_1_1_0_thickness_16_VASP_PBE,BP,8.847,7.47,-1.377,0.0,2.1605,1.1703999999999999,0.9901
Surface-JVASP-858_miller_1_1_1_x1015_thickness_16_VASP_R2SCAN_R2SCAN,Co,9.212,11.468,2.256,2.256,0.0003,0.0036000000000000476,-0.0033000000000000477
Surface-JVASP-919_miller_1_1_0_x1015_thickness_16_VASP_R2SCAN_R2SCAN,Mg,1.108,3.45,2.342,2.342,0.0252,0.008700000000000041,0.01649999999999996
Surface-JVASP-858_miller_1_1_0_x1015_thickness_16_VASP_R2SCAN_R2SCAN,Co,9.212,11.468,2.256,2.256,0.0005,0.0026999999999999247,-0.0021999999999999247
Surface-JVASP-919_miller_0_0_1_x1015_thickness_16_VASP_R2SCAN_R2SCAN,Mg,1.108,3.45,2.342,2.342,0.0251,0.0024000000000000132,0.022699999999999988
Surface-JVASP-895_miller_1_0_0_x1015_thickness_16_VASP_R2SCAN_R2SCAN,I,3.494,2.579,-0.915,0.0,0.008,0.20240000000000002,-0.19440000000000002
Surface-JVASP-919_miller_1_0_0_x1015_thickness_16_VASP_R2SCAN_R2SCAN,Mg,1.108,3.45,2.342,2.342,0.0203,9.99999999999994e-05,0.0202
Surface-JVASP-993_miller_1_1_1_x1015_thickness_16_VASP_R2SCAN_R2SCAN,Sb,6.324,6.465,0.141,0.141,0.0033,0.007499999999999951,-0.004199999999999951
Surface-JVASP-931_miller_1_0_1_x1015_thickness_16_VASP_R2SCAN_R2SCAN,Na,-1.901,2.451,4.352,4.352,0.0005,0.0020999999999999908,-0.0015999999999999908
Surface-JVASP-1002_miller_1_0_0_x1015_thickness_16_VASP_R2SCAN_R2SCAN,Si,6.19,5.459,-0.731,0.0,0.0018,0.015200000000000102,-0.013400000000000103
Surface-JVASP-1029_miller_1_1_0_x1015_thickness_16_VASP_R2SCAN_R2SCAN,Ti,5.807,6.174,0.367,0.367,0.0007,0.0010000000000000009,-0.0003000000000000009
Surface-JVASP-1056_miller_0_0_1_x1015_thickness_16_VASP_R2SCAN_R2SCAN,Zn,-0.797,4.632,5.429,5.429,0.0076,0.022299999999999986,-0.014699999999999987
Surface-JVASP-14837_miller_1_0_0_x1015_thickness_16_VASP_R2SCAN_R2SCAN,V,4.618,9.431,4.813,4.813,0.0017,0.0034000000000000696,-0.0017000000000000697
Surface-JVASP-10591_miller_1_1_0_thickness_16_VASP_PBE_noDP,ZnS,3.899,1.796,-2.103,0.0,4.0901,1.7285,2.3615999999999997
Surface-JVASP-1177_miller_0_0_1_thickness_16_VASP_PBE_noDP,GaSb,4.35,4.35,0.0,0.0,0.0111,0.005099999999999993,0.006000000000000007
Surface-JVASP-96_miller_1_1_0_thickness_16_VASP_PBE_noDP,ZnSe,2.426,1.202,-1.224,0.0,3.7839,1.5267000000000002,2.2572
Surface-JVASP-105410_miller_1_1_0_thickness_16_VASP_PBE_noDP,SiGe,5.714,5.02,-0.694,0.0,0.4169,0.027000000000000003,0.38989999999999997
Surface-JVASP-1177_miller_1_1_0_thickness_16_VASP_PBE_noDP,GaSb,4.35,4.35,0.0,0.0,0.6472,0.07669999999999999,0.5705
Surface-JVASP-66567_miller_1_1_0_thickness_16_VASP_PBE_noDP,BaZnTe,2.637,1.014,-1.623,0.0,1.5256,1.1642000000000001,0.36139999999999994
Surface-JVASP-92236_miller_1_1_0_thickness_16_VASP_PBE_noDP,CuI,5.23,3.994,-1.236,0.0,2.0825,1.4335,0.649
Surface-JVASP-1327_miller_1_1_0_thickness_16_VASP_PBE_noDP,AlP,6.054,4.26,-1.794,0.0,2.7641,1.4426999999999999,1.3214000000000001
Surface-JVASP-1183_miller_1_1_0_thickness_16_VASP_PBE_noDP,InP,4.918,4.588,-0.33,0.0,2.8341,0.879,1.9550999999999998
Surface-JVASP-1636_miller_1_1_0_thickness_16_VASP_PBE_noDP,LiZnAs,3.392,2.851,-0.541,0.0,1.7461,0.6232,1.1229
Surface-JVASP-102056_miller_1_1_0_thickness_16_VASP_PBE_noDP,ZrSbRh,10.218,9.051,-1.167,0.0,0.468,0.12170000000000014,0.3462999999999999
Surface-JVASP-101739_miller_1_1_0_thickness_16_VASP_PBE_noDP,CaHF,4.968,0.252,-4.716,0.0,5.7101,2.7060000000000004,3.0040999999999993
Surface-JVASP-1684_miller_1_1_0_thickness_16_VASP_PBE_noDP,NbFeSb,8.66,7.911,-0.749,0.0,0.1599,0.020299999999999763,0.13960000000000022
Surface-JVASP-1198_miller_1_1_0_thickness_16_VASP_PBE_noDP,ZnTe,3.797,2.741,-1.056,0.0,2.6486,1.4288,1.2198
Surface-JVASP-1702_miller_1_1_0_thickness_16_VASP_PBE,ZnS,3.883,1.796,-2.087,0.0,4.0312,2.1988000000000003,1.8323999999999998
Surface-JVASP-22736_miller_1_1_0_thickness_16_VASP_PBE_noDP,NaCaAs,1.096,2.891,1.795,1.795,2.6155,1.0475,1.5679999999999998
Surface-JVASP-7772_miller_1_1_0_thickness_16_VASP_PBE_noDP,YN,4.228,1.995,-2.233,0.0,2.9666,0.7904,2.1762
Surface-JVASP-8158_miller_1_1_0_thickness_16_VASP_PBE_noDP,SiC,9.408,7.788,-1.62,0.0,1.1944,0.41290000000000004,0.7814999999999999
Surface-JVASP-7715_miller_1_1_0_thickness_16_VASP_PBE_noDP,YNiSb,6.684,6.41,-0.274,0.0,0.0232,0.09130000000000016,-0.06810000000000016
Surface-JVASP-8750_miller_1_1_0_thickness_16_VASP_PBE_noDP,VSbRu,8.54,8.15,-0.39,0.0,0.0005,0.08510000000000018,-0.08460000000000018
Surface-JVASP-78748_miller_1_1_0_thickness_16_VASP_PBE_noDP,NaLiTe,3.587,1.516,-2.071,0.0,3.4057,2.033,1.3727
Surface-JVASP-78738_miller_1_1_0_thickness_16_VASP_PBE_noDP,TiNiSn,7.824,7.362,-0.462,0.0,0.0023,0.06099999999999994,-0.05869999999999995
Surface-JVASP-36165_miller_1_1_0_thickness_16_VASP_PBE_noDP,CaSe,2.851,-0.45,-3.301,0.0,5.0815,2.3809,2.7006
Surface-JVASP-40772_miller_1_1_0_thickness_16_VASP_PBE_noDP,YNiP,6.339,5.759,-0.58,0.0,0.062,0.1049,-0.042899999999999994
Surface-JVASP-40778_miller_1_1_0_thickness_16_VASP_PBE_noDP,SrTePd,5.434,5.306,-0.128,0.0,0.0802,0.05810000000000004,0.022099999999999953
Surface-JVASP-40790_miller_1_1_0_thickness_16_VASP_PBE_noDP,ScNiP,7.328,6.752,-0.576,0.0,0.5456,0.123,0.4226
Surface-JVASP-40797_miller_1_1_0_thickness_16_VASP_PBE_noDP,TiSnPd,8.125,7.598,-0.527,0.0,0.0003,0.014100000000000001,-0.013800000000000002
Surface-JVASP-56856_miller_1_1_0_thickness_16_VASP_PBE_noDP,VFeSb,8.844,8.329,-0.515,0.0,0.1825,0.05690000000000017,0.12559999999999982
Surface-JVASP-79540_miller_1_1_0_thickness_16_VASP_PBE_noDP,Ti2MnGa,7.505,7.296,-0.209,0.0,0.0024,0.02410000000000001,-0.02170000000000001
Surface-JVASP-40766_miller_1_1_0_thickness_16_VASP_PBE_noDP,ZrFeSe,9.513,9.119,-0.394,0.0,0.4058,0.03359999999999985,0.37220000000000014
Surface-JVASP-7629_miller_1_1_0_thickness_16_VASP_PBE_noDP,SnS,3.502,3.131,-0.371,0.0,1.6633,1.0821999999999998,0.5811000000000002
Surface-JVASP-31185_miller_1_1_0_thickness_16_VASP_PBE_noDP,LiMgN,5.412,2.626,-2.786,0.0,2.7414,1.4635,1.2779
Surface-JVASP-110652_miller_1_1_0_thickness_16_VASP_PBE_noDP,BaBrCl,4.159,-0.717,-4.876,0.0,5.6037,4.1722,1.4314999999999998
Surface-JVASP-116272_miller_1_1_0_thickness_16_VASP_PBE_noDP,LiH,2.903,-1.863,-4.766,0.0,3.6469,2.3944,1.2525
Surface-JVASP-115607_miller_1_1_0_thickness_16_VASP_PBE_noDP,BaTePd,4.794,4.418,-0.376,0.0,0.1245,0.17930000000000001,-0.054800000000000015
Surface-JVASP-120123_miller_1_1_0_thickness_16_VASP_PBE_noDP,AlAs,5.082,3.515,-1.567,0.0,2.6761,1.1856,1.4905
Surface-JVASP-133843_miller_1_1_0_thickness_16_VASP_PBE_noDP,BSb,7.991,7.161,-0.83,0.0,1.1003,0.25529999999999986,0.8450000000000002
Surface-JVASP-134415_miller_1_1_0_thickness_16_VASP_PBE_noDP,CaTe,3.499,0.478,-3.021,0.0,4.1976,2.3272,1.8704000000000005
Surface-JVASP-138309_miller_1_1_0_thickness_16_VASP_PBE_noDP,AgH,6.618,5.75,-0.868,0.0,0.6245,0.7985,-0.17399999999999993
Surface-JVASP-149059_miller_1_1_0_thickness_16_VASP_PBE_noDP,ZnSO4,1.455,-2.86,-4.315,0.0,0.9135,0.053300000000000125,0.8601999999999999
Surface-JVASP-5485_miller_1_0_0_thickness_16_VASP_PBE_noDP,CdI2,3.709,1.59,-2.119,0.0,5.2859,2.1367000000000003,3.1491999999999996
Surface-JVASP-88080_miller_1_0_0_thickness_16_VASP_PBE_noDP,Ba4Br6O,4.499,0.087,-4.412,0.0,5.3701,3.9957,1.3744
Surface-JVASP-96805_miller_1_0_0_thickness_16_VASP_PBE_noDP,La4S3NCl3,8.194,5.159,-3.035,0.0,3.5656,2.8367,0.7288999999999999
Surface-JVASP-104777_miller_1_0_0_thickness_16_VASP_PBE_noDP,LiSnN,6.339,5.268,-1.071,0.0,0.0031,0.3537999999999999,-0.3506999999999999
Surface-JVASP-107458_miller_1_0_0_thickness_16_VASP_PBE_noDP,LiCl,4.766,-1.216,-5.982,0.0,7.3395,1.5505999999999998,5.7889
Surface-JVASP-49361_miller_1_0_0_thickness_16_VASP_PBE_noDP,K6CdTe4,2.296,0.779,-1.517,0.0,3.3505,1.4561,1.8943999999999999
Surface-JVASP-8184_miller_1_0_0_thickness_16_VASP_PBE_noDP,GaP,5.657,4.395,-1.262,0.0,2.7683,1.3618999999999999,1.4064
Surface-JVASP-8603_miller_1_0_0_thickness_16_VASP_PBE_noDP,CuH,5.997,5.321,-0.676,0.0,0.0054,0.14500000000000002,-0.13960000000000003
Surface-JVASP-8561_miller_1_0_0_thickness_16_VASP_PBE_noDP,AgI,3.859,2.575,-1.284,0.0,3.1263,1.4765,1.6498000000000002
Surface-JVASP-57476_miller_1_0_0_thickness_16_VASP_PBE_noDP,CuCSN,4.297,2.226,-2.071,0.0,2.2214,0.337,1.8844
Surface-JVASP-79204_miller_1_0_0_thickness_16_VASP_PBE_noDP,BN,12.674,7.243,-5.431,0.0,3.3615,3.9504,-0.5889000000000002
Surface-JVASP-79624_miller_1_0_0_thickness_16_VASP_PBE_noDP,GaP,5.658,4.395,-1.263,0.0,2.7679,1.3618999999999999,1.4060000000000001
Surface-JVASP-35695_miller_1_0_0_thickness_16_VASP_PBE_noDP,MgSe,3.207,0.404,-2.803,0.0,5.1252,2.0272,3.0980000000000003
Surface-JVASP-23972_miller_1_0_0_thickness_16_VASP_PBE_noDP,H4NF,-4.554,1.423,5.977,5.977,16.2104,0.5598000000000001,15.6506
Surface-JVASP-38538_miller_1_0_0_thickness_16_VASP_PBE_noDP,LiBr,3.79,-1.356,-5.146,0.0,6.6093,4.6768,1.9325
Surface-JVASP-290_miller_1_0_0_thickness_16_VASP_PBE_noDP,SnS2,5.233,4.132,-1.101,0.0,0.3509,0.1883,0.1626
Surface-JVASP-45247_miller_1_0_0_thickness_16_VASP_PBE_noDP,Na3Sr3GaAs4,2.687,2.283,-0.404,0.0,1.9196,0.4377000000000001,1.4819
Surface-JVASP-13047_miller_1_0_0_thickness_16_VASP_PBE_noDP,K4Sb2O3,2.458,1.07,-1.388,0.0,0.6088,0.030200000000000005,0.5786
Surface-JVASP-110096_miller_1_0_0_thickness_16_VASP_PBE_noDP,SrClO,-0.138,-0.68,-0.542,0.0,0.0026,0.010199999999999987,-0.007599999999999987
Surface-JVASP-26790_miller_1_0_0_thickness_16_VASP_PBE_noDP,Sr4Br6O,4.956,0.34,-4.616,0.0,5.3012,4.214,1.0871999999999993
Surface-JVASP-45297_miller_1_0_0_thickness_16_VASP_PBE_noDP,K6MgO4,2.513,0.634,-1.879,0.0,0.0014,0.5255,-0.5241
Surface-JVASP-112334_miller_1_0_0_thickness_16_VASP_PBE_noDP,Cd2Mo3O8,5.038,4.787,-0.251,0.0,0.0012,0.18989999999999996,-0.18869999999999995
Surface-JVASP-141207_miller_1_0_0_thickness_16_VASP_PBE_noDP,K6ZnS4,2.174,0.293,-1.881,0.0,2.2135,1.5346,0.6788999999999998
Surface-JVASP-890_miller_1_1_0_thickness_16_VASP_PBE_DP,Ge,4.28,4.363,0.083,0.083,0.0005,0.019899999999999973,-0.019399999999999973
Surface-JVASP-1248_miller_1_1_0_thickness_16_VASP_PBE_noDP,BeTe,6.63,4.428,-2.202,0.0,3.412,0.5175999999999998,2.8944
Surface-JVASP-7836_miller_1_1_0_thickness_16_VASP_PBE_noDP,BN,11.937,7.124,-4.813,0.0,3.0003,2.6722,0.32810000000000006
Surface-JVASP-8003_miller_0_0_1_thickness_16_VASP_PBE_noDP,CdS,1.818,0.825,-0.993,0.0,2.0558,0.017599999999999838,2.0382000000000002
Surface-JVASP-8169_miller_1_1_0_thickness_16_VASP_PBE_noDP,GaN,6.655,4.87,-1.785,0.0,4.2879,1.4123,2.8755999999999995
Surface-JVASP-8186_miller_1_1_0_thickness_16_VASP_PBE_noDP,ZnTe,3.859,2.781,-1.078,0.0,3.11,1.8712,1.2388
Surface-JVASP-95_miller_1_1_0_thickness_16_VASP_PBE_noDP,CdS,1.878,0.823,-1.055,0.0,4.6389,1.7476999999999998,2.8911999999999995
Surface-JVASP-8169_miller_1_1_0_thickness_16_VASP_PBE,GaN,6.655,4.87,-1.785,0.0,4.2879,1.4122,2.8756999999999997
Surface-JVASP-8186_miller_1_1_0_thickness_16_VASP_PBE,ZnTe,3.859,2.781,-1.078,0.0,3.1156,1.8801,1.2355
Surface-JVASP-95_miller_1_1_0_thickness_16_VASP_PBE,CdS,1.878,0.823,-1.055,0.0,4.4766,1.6878999999999997,2.7887000000000004
Surface-JVASP-1198_miller_0_0_1_thickness_16_VASP_PBE_noDP,ZnTe,3.797,2.741,-1.056,0.0,0.0071,0.08679999999999999,-0.0797
Surface-JVASP-17700_miller_1_1_0_thickness_16_VASP_PBE_noDP,InN,5.967,5.967,0.0,0.0,0.5268,0.276,0.2508
Surface-JVASP-30_miller_1_1_0_thickness_16_VASP_PBE_noDP,GaN,6.834,4.891,-1.943,0.0,4.3956,1.4567,2.9389
Surface-JVASP-36204_miller_1_1_0_thickness_16_VASP_PBE_noDP,BP,8.847,7.47,-1.377,0.0,2.1276,1.2474,0.8802000000000001
Surface-JVASP-36403_miller_0_0_1_thickness_16_VASP_PBE_noDP,SiSn,5.588,5.34,-0.248,0.0,0.0131,0.007500000000000062,0.005599999999999938
Surface-JVASP-7836_miller_1_1_0_thickness_16_VASP_PBE,BN,11.937,7.124,-4.813,0.0,3.0003,2.6722,0.32810000000000006
Surface-JVASP-8003_miller_0_0_1_thickness_16_VASP_PBE,CdS,1.818,0.825,-0.993,0.0,2.0597,0.035800000000000054,2.0239
Surface-JVASP-943_miller_1_1_0_thickness_16_VASP_R2SCAN,Ni,6.682,8.108,1.426,1.426,0.0005,0.0006999999999999229,-0.0001999999999999229
Surface-JVASP-1002_miller_1_0_0_thickness_16_VASP_R2SCAN,Si,6.19,5.459,-0.731,0.0,0.0361,0.0040999999999999925,0.03200000000000001
Surface-JVASP-816_miller_1_1_1_thickness_16_VASP_R2SCAN,Al,3.468,20.232,16.764,16.764,0.0084,0.06589999999999985,-0.05749999999999985
Surface-JVASP-1029_miller_1_1_0_thickness_16_VASP_R2SCAN,Ti,5.807,6.174,0.367,0.367,0.002,0.001600000000000018,0.00039999999999998197
Surface-JVASP-813_miller_0_0_1_thickness_16_VASP_R2SCAN,Ag,4.194,13.371,9.177,9.177,0.0109,0.0024000000000001798,0.00849999999999982
Surface-JVASP-861_miller_1_1_0_thickness_16_VASP_R2SCAN,Cr,10.023,13.39,3.367,3.367,0.0001,0.007000000000000117,-0.006900000000000117
Surface-JVASP-1056_miller_0_0_1_thickness_16_VASP_R2SCAN,Zn,-0.797,4.632,5.429,5.429,0.0064,0.013999999999999985,-0.007599999999999984
Surface-JVASP-39_miller_1_1_0_thickness_16_VASP_R2SCAN,AlN,10.306,5.832,-4.474,0.0,3.9542,2.8597,1.0945
Surface-JVASP-20092_miller_0_0_1_thickness_16_VASP_R2SCAN,CdO,1.166,1.46,0.294,0.294,1.2043,0.3426000000000001,0.8616999999999998
Surface-JVASP-1195_miller_0_0_1_thickness_16_VASP_R2SCAN,ZnO,1.682,0.717,-0.965,0.0,0.6208,0.05349999999999988,0.5673000000000001
Surface-JVASP-1312_miller_1_1_1_thickness_16_VASP_R2SCAN,BP,8.701,7.186,-1.515,0.0,0.7388,0.0039999999999998925,0.7348000000000001
Surface-JVASP-1327_miller_1_1_0_thickness_16_VASP_R2SCAN,AlP,6.054,4.26,-1.794,0.0,2.7495,1.4403000000000001,1.3091999999999997
Surface-JVASP-1408_miller_1_1_0_thickness_16_VASP_R2SCAN,AlSb,5.611,4.289,-1.322,0.0,1.9495,0.8005,1.149
Surface-JVASP-1174_miller_1_1_0_thickness_16_VASP_R2SCAN,GaAs,3.492,3.407,-0.085,0.0,1.9663,0.7467,1.2195999999999998
Surface-JVASP-91_miller_0_0_1_thickness_16_VASP_R2SCAN,C,13.914,9.457,-4.457,0.0,0.0025,0.0026000000000001577,-0.00010000000000015769
Surface-JVASP-8118_miller_1_1_1_thickness_16_VASP_R2SCAN,SiC,10.545,7.927,-2.618,0.0,0.0024,0.012900000000000023,-0.010500000000000023
Surface-JVASP-105410_miller_1_1_1_thickness_16_VASP_R2SCAN,SiGe,5.714,5.02,-0.694,0.0,0.0039,0.22910000000000003,-0.22520000000000004
Surface-JVASP-1008_miller_0_0_1_thickness_16_VASP_R2SCAN,Sn,4.62,4.93,0.31,0.31,0.0048,0.012299999999999978,-0.007499999999999978
Surface-JVASP-1177_miller_0_0_1_thickness_16_VASP_PBE,GaSb,4.35,4.35,0.0,0.0,0.0154,0.0017999999999999683,0.013600000000000032
Surface-JVASP-1186_miller_0_0_1_thickness_16_VASP_PBE,InAs,3.774,3.774,0.0,0.0,0.4109,0.0017000000000000348,0.40919999999999995
Surface-JVASP-1393_miller_1_1_0_thickness_16_VASP_PBE,GaP,5.776,4.294,-1.482,0.0,2.9186,1.2234,1.6952
Surface-JVASP-23_miller_1_1_0_thickness_16_VASP_PBE,CdTe,2.253,1.755,-0.498,0.0,2.6091,0.9638,1.6453000000000002
Surface-JVASP-35748_miller_1_1_0_thickness_16_VASP_PBE,AlSb,5.451,4.393,-1.058,0.0,2.3891,1.3445,1.0446
Surface-JVASP-36408_miller_0_0_1_thickness_16_VASP_PBE,SnC,8.324,7.576,-0.748,0.0,0.0784,0.054600000000000204,0.023799999999999794
Surface-JVASP-895_miller_0_1_0_x1015_thickness_16_VASP_R2SCAN_R2SCAN,I,3.494,2.579,-0.915,0.0,1.8634,0.8701000000000001,0.9932999999999998
Surface-JVASP-828_miller_0_0_1_x1015_thickness_16_VASP_R2SCAN_R2SCAN,B,7.321,5.633,-1.688,0.0,0.0383,0.0613999999999999,-0.0230999999999999
Surface-JVASP-895_miller_0_0_1_x1015_thickness_16_VASP_R2SCAN_R2SCAN,I,3.494,2.579,-0.915,0.0,0.0003,0.0406,-0.040299999999999996
Surface-JVASP-919_miller_1_1_1_x1015_thickness_16_VASP_R2SCAN_R2SCAN,Mg,1.108,3.45,2.342,2.342,0.0038,0.0040999999999999925,-0.00029999999999999255
Surface-JVASP-934_miller_1_0_0_x1015_thickness_16_VASP_R2SCAN_R2SCAN,Nb,3.421,10.262,6.841,6.841,0.0006,0.0046999999999999265,-0.004099999999999927
Surface-JVASP-1029_miller_1_0_1_x1015_thickness_16_VASP_R2SCAN_R2SCAN,Ti,5.807,6.174,0.367,0.367,0.0003,0.0010999999999998789,-0.0007999999999998789
Surface-JVASP-21195_miller_1_0_0_x1015_thickness_16_VASP_R2SCAN_R2SCAN,Mo,10.564,15.761,5.197,5.197,0.0032,0.001100000000000101,0.0020999999999998993
Surface-JVASP-14837_miller_1_1_0_x1015_thickness_16_VASP_R2SCAN_R2SCAN,V,4.618,9.431,4.813,4.813,0.0012,0.00019999999999997797,0.001000000000000022
Surface-JVASP-107_miller_0_0_1_thickness_16_VASP_PBE_noDP,SiC,10.349,7.855,-2.494,0.0,0.01,0.015900000000000247,-0.005900000000000247
Surface-JVASP-1180_miller_0_0_1_thickness_16_VASP_PBE_noDP,InN,5.98,5.98,0.0,0.0,0.0005,0.0262,-0.0257
Surface-JVASP-1192_miller_1_1_0_thickness_16_VASP_PBE_noDP,CdSe,0.871,0.416,-0.455,0.0,2.726,0.9994000000000001,1.7266
Surface-JVASP-1073_miller_1_1_0_thickness_16_VASP_PBE_noDP,SiGe,5.594,5.191,-0.403,0.0,1.1622,0.497,0.6651999999999999
Surface-JVASP-1183_miller_0_0_1_thickness_16_VASP_PBE_noDP,InP,4.918,4.588,-0.33,0.0,1.351,0.04200000000000004,1.309
Surface-JVASP-1765_miller_1_1_0_thickness_16_VASP_PBE_noDP,LiMgAs,3.642,2.121,-1.521,0.0,2.6592,1.4203000000000001,1.2388999999999997
Surface-JVASP-1312_miller_1_1_0_thickness_16_VASP_PBE_noDP,BP,8.701,7.186,-1.515,0.0,1.5742,0.5191999999999999,1.0550000000000002
Surface-JVASP-108112_miller_1_1_0_thickness_16_VASP_PBE_noDP,KRbMnF6,0.43,-1.965,-2.395,0.0,0.0014,0.009000000000000341,-0.007600000000000341
Surface-JVASP-101477_miller_1_1_0_thickness_16_VASP_PBE_noDP,LiCaSb,4.975,4.256,-0.719,0.0,1.7877,1.0657,0.722
Surface-JVASP-1957_miller_1_1_0_thickness_16_VASP_PBE_noDP,AgI,3.834,2.574,-1.26,0.0,3.1338,1.5628000000000002,1.5709999999999997
Surface-JVASP-101229_miller_1_1_0_thickness_16_VASP_PBE_noDP,BaSrMgTeO6,5.379,3.374,-2.005,0.0,0.0039,0.042800000000000005,-0.038900000000000004
Surface-JVASP-1513_miller_1_1_0_thickness_16_VASP_PBE_noDP,TiCoSb,9.276,8.205,-1.071,0.0,0.3033,0.24170000000000025,0.061599999999999766
Surface-JVASP-39_miller_1_0_0_thickness_16_VASP_PBE_noDP,AlN,10.306,5.832,-4.474,0.0,4.1089,2.5927,1.5162000000000004
Surface-JVASP-105410_miller_0_0_1_thickness_16_VASP_PBE,SiGe,5.714,5.02,-0.694,0.0,0.0163,0.019100000000000006,-0.0028000000000000073
Surface-JVASP-1435_miller_1_1_0_thickness_16_VASP_PBE_noDP,LiAlSi,5.369,5.138,-0.231,0.0,0.6436,0.16079999999999994,0.4828
Surface-JVASP-1687_miller_1_1_0_thickness_16_VASP_PBE_noDP,LiZnP,4.951,3.481,-1.47,0.0,2.2127,1.2521,0.9605999999999999
Surface-JVASP-8105_miller_1_1_0_thickness_16_VASP_PBE_noDP,LiAlGe,5.091,4.912,-0.179,0.0,1.0299,0.11059999999999992,0.9193000000000001
Surface-JVASP-8003_miller_1_1_0_thickness_16_VASP_PBE_noDP,CdS,1.818,0.825,-0.993,0.0,4.0385,1.3734,2.6651
Surface-JVASP-7833_miller_1_1_0_thickness_16_VASP_PBE_noDP,SnTe,3.214,3.107,-0.107,0.0,1.0569,0.5062,0.5507
Surface-JVASP-1091_miller_1_1_0_thickness_16_VASP_PBE_noDP,ZrNiSn,8.867,8.381,-0.486,0.0,0.0007,0.049599999999999866,-0.04889999999999987
Surface-JVASP-78583_miller_1_1_0_thickness_16_VASP_PBE_noDP,NaBeSb,5.711,4.516,-1.195,0.0,1.4893,0.9783000000000001,0.511
Surface-JVASP-78633_miller_1_1_0_thickness_16_VASP_PBE_noDP,YOF,7.094,1.334,-5.76,0.0,6.7458,3.4737999999999998,3.2720000000000002
Surface-JVASP-1174_miller_1_0_0_thickness_16_VASP_PBE,GaAs,3.492,3.407,-0.085,0.0,0.1794,0.008000000000000007,0.1714
Surface-JVASP-36402_miller_1_1_0_thickness_16_VASP_PBE_noDP,RuC,9.088,8.427,-0.661,0.0,0.0031,0.009599999999999831,-0.0064999999999998306
Surface-JVASP-36391_miller_1_1_0_thickness_16_VASP_PBE_noDP,ScN,4.83,2.254,-2.576,0.0,3.0112,1.3909,1.6203
Surface-JVASP-35673_miller_1_1_0_thickness_16_VASP_PBE_noDP,Li2MgSi,4.023,3.82,-0.203,0.0,0.5954,0.409,0.18640000000000007
Surface-JVASP-40774_miller_1_1_0_thickness_16_VASP_PBE_noDP,TiSiPd,8.063,7.226,-0.837,0.0,0.0017,0.28259999999999996,-0.2809
Surface-JVASP-40780_miller_1_1_0_thickness_16_VASP_PBE_noDP,MgScGa,2.96,2.811,-0.149,0.0,0.6656,0.08990000000000001,0.5757
Surface-JVASP-40793_miller_1_1_0_thickness_16_VASP_PBE_noDP,ScCoTe,9.095,8.193,-0.902,0.0,0.613,0.18199999999999994,0.43100000000000005
Surface-JVASP-40798_miller_1_1_0_thickness_16_VASP_PBE_noDP,LiMgP,4.506,2.612,-1.894,0.0,2.6074,1.5843,1.0231000000000001
Surface-JVASP-39508_miller_1_1_0_thickness_16_VASP_PBE_noDP,KYSn,3.378,2.582,-0.796,0.0,0.5531,0.029999999999999916,0.5231000000000001
Surface-JVASP-266_miller_1_1_0_thickness_16_VASP_PBE_noDP,InP,4.918,4.588,-0.33,0.0,2.8341,0.8791,1.9549999999999998
Surface-JVASP-36873_miller_1_1_0_thickness_16_VASP_PBE_noDP,BSb,8.111,7.166,-0.945,0.0,1.0978,0.24580000000000002,0.8520000000000001
Surface-JVASP-64991_miller_1_1_0_thickness_16_VASP_PBE_noDP,Be2NbRh,6.757,6.194,-0.563,0.0,0.0033,0.20740000000000003,-0.20410000000000003
Surface-JVASP-109827_miller_1_1_0_thickness_16_VASP_PBE_noDP,ScTeRh,8.476,8.095,-0.381,0.0,0.2189,0.07440000000000024,0.14449999999999977
Surface-JVASP-111073_miller_1_1_0_thickness_16_VASP_PBE_noDP,CuCl,4.177,3.592,-0.585,0.0,0.8078,0.5574999999999999,0.2503000000000001
Surface-JVASP-116283_miller_1_1_0_thickness_16_VASP_PBE_noDP,LiH,2.677,-1.814,-4.491,0.0,3.6459,3.4065,0.23940000000000028
Surface-JVASP-113670_miller_1_1_0_thickness_16_VASP_PBE_noDP,LiZnP,4.99,3.773,-1.217,0.0,1.9473,1.2406,0.7067000000000001
Surface-JVASP-120170_miller_1_1_0_thickness_16_VASP_PBE_noDP,ScOF,6.93,2.334,-4.596,0.0,5.8429,2.8998999999999997,2.9430000000000005
Surface-JVASP-140471_miller_1_1_0_thickness_16_VASP_PBE_noDP,Al5AgS8,6.6,5.214,-1.386,0.0,2.472,0.0673,2.4047
Surface-JVASP-136599_miller_1_1_0_thickness_16_VASP_PBE_noDP,NbOF,6.44,5.479,-0.961,0.0,0.0004,0.07420000000000004,-0.07380000000000005
Surface-JVASP-133719_miller_1_1_0_thickness_16_VASP_PBE_noDP,BAs,6.984,5.688,-1.296,0.0,0.4558,0.4983,-0.04250000000000004
Surface-JVASP-148851_miller_1_1_0_thickness_16_VASP_PBE_noDP,ZnSO4,1.455,-2.861,-4.316,0.0,0.8494,0.0030999999999998806,0.8463000000000002
Surface-JVASP-22623_miller_1_0_0_thickness_16_VASP_PBE_noDP,ZnS,1.794,3.889,2.095,2.095,3.6807,0.10240000000000002,3.5783
Surface-JVASP-96463_miller_1_0_0_thickness_16_VASP_PBE_noDP,Sr4Cl6O,5.678,0.811,-4.867,0.0,6.721,3.5176999999999996,3.2033000000000005
Surface-JVASP-22685_miller_1_0_0_thickness_16_VASP_PBE_noDP,CdTe,1.776,2.302,0.526,0.526,2.8916,0.9613,1.9303
Surface-JVASP-50830_miller_1_0_0_thickness_16_VASP_PBE_noDP,Na6MgO4,2.945,0.534,-2.411,0.0,4.8616,1.4510999999999998,3.4105000000000003
Surface-JVASP-105566_miller_1_0_0_thickness_16_VASP_PBE_noDP,LiGeN,5.989,4.502,-1.487,0.0,0.0021,0.03210000000000002,-0.030000000000000016
Surface-JVASP-1273_miller_1_0_0_thickness_16_VASP_PBE_noDP,MgTe,4.165,1.634,-2.531,0.0,4.7001,2.3541,2.346
Surface-JVASP-8186_miller_1_0_0_thickness_16_VASP_PBE_noDP,ZnTe,3.859,2.781,-1.078,0.0,2.6152,1.3497,1.2655000000000003
Surface-JVASP-8118_miller_1_0_0_thickness_16_VASP_PBE_noDP,SiC,10.545,7.927,-2.618,0.0,1.403,1.5124,-0.10939999999999994
Surface-JVASP-8047_miller_1_0_0_thickness_16_VASP_PBE_noDP,ZnSe,2.477,1.222,-1.255,0.0,3.7783,1.4190999999999998,2.3592000000000004
Surface-JVASP-1073_miller_1_0_0_thickness_16_VASP_PBE_noDP,SiGe,5.594,5.191,-0.403,0.0,1.005,0.09060000000000001,0.9143999999999999
Surface-JVASP-55611_miller_1_0_0_thickness_16_VASP_PBE_noDP,Ba4Cl6O,4.998,0.488,-4.51,0.0,6.0482,3.9886999999999997,2.0595
Surface-JVASP-82129_miller_1_0_0_thickness_16_VASP_PBE_noDP,InP,5.005,4.63,-0.375,0.0,3.1163,0.7238,2.3925
Surface-JVASP-35748_miller_1_0_0_thickness_16_VASP_PBE_noDP,AlSb,5.451,4.393,-1.058,0.0,2.0565,1.0084,1.0481000000000003
Surface-JVASP-95_miller_1_0_0_thickness_16_VASP_PBE_noDP,CdS,1.878,0.823,-1.055,0.0,3.9116,1.2422000000000002,2.6693999999999996
Surface-JVASP-33818_miller_1_0_0_thickness_16_VASP_PBE_noDP,BrCl,0.375,-0.303,-0.678,0.0,2.7589,0.7747999999999999,1.9841000000000002
Surface-JVASP-46672_miller_1_0_0_thickness_16_VASP_PBE_noDP,Mn4OF6,5.575,4.145,-1.43,0.0,0.0005,1.4665,-1.466
Surface-JVASP-45246_miller_1_0_0_thickness_16_VASP_PBE_noDP,Na3Sr3GaP4,3.287,2.614,-0.673,0.0,1.5707,0.6465,0.9242
Surface-JVASP-109806_miller_1_0_0_thickness_16_VASP_PBE_noDP,BaNaN,2.124,1.777,-0.347,0.0,1.314,0.014900000000000004,1.2991000000000001
Surface-JVASP-29604_miller_1_0_0_thickness_16_VASP_PBE_noDP,CdI2,1.587,3.762,2.175,2.175,5.2166,2.153,3.0635999999999997
Surface-JVASP-57708_miller_1_0_0_thickness_16_VASP_PBE_noDP,Na6CoSe4,2.24,1.812,-0.428,0.0,0.0034,0.42469999999999997,-0.42129999999999995
Surface-JVASP-59059_miller_1_0_0_thickness_16_VASP_PBE_noDP,Sr4I6O,6.128,2.086,-4.042,0.0,4.8122,3.6872,1.125
Surface-JVASP-122101_miller_1_0_0_thickness_16_VASP_PBE_noDP,Rb6CdO4,2.159,0.804,-1.355,0.0,0.0023,0.5951,-0.5928
Surface-JVASP-139888_miller_1_0_0_thickness_16_VASP_PBE_noDP,Mg2V3O8,3.917,3.392,-0.525,0.0,0.0024,0.02429999999999999,-0.02189999999999999
Surface-JVASP-144564_miller_1_0_0_thickness_16_VASP_PBE_noDP,Na3Ca3AlSb4,4.002,3.531,-0.471,0.0,1.9962,0.7136,1.2826
